x_curr,y_curr,x_prev,y_prev
3,-7.08554,2,4.61094
2.39422,1.43461,3,-7.08554
2.49622,0.359719,2.39422,1.43461
2.53035,-0.0275801,2.49622,0.359719
2.52792,0.000478057,2.53035,-0.0275801
2.52796,6.20373e-07,2.52792,0.000478057
1.52796,-6.91918,0.527963,-4.41624
-1.23646,-2.25084,1.52796,-6.91918
-2.56933,-1.44274,-1.23646,-2.25084
-4.94897,-0.674601,-2.56933,-1.44274
-7.03882,-0.309435,-4.94897,-0.674601
-8.80973,-0.10497,-7.03882,-0.309435
-9.7189,-0.0229482,-8.80973,-0.10497
-9.97326,-0.00213495,-9.7189,-0.0229482
-9.99936,-4.77823e-05,-9.97326,-0.00213495
-9.99995,-1.01766e-07,-9.99936,-4.77823e-05
-9.99995,-4.86133e-12,-9.99995,-1.01766e-07
-11,-0.0739191,-12,-0.0688316
-25.5297,-0.0356408,-11,-0.0739191
-39.0582,-0.0240464,-25.5297,-0.0356408
-67.116,-0.0143587,-39.0582,-0.0240464
-108.702,-0.00899036,-67.116,-0.0143587
-178.346,-0.0055287,-108.702,-0.00899036
-289.577,-0.00342343,-178.346,-0.0055287
-470.451,-0.00211426,-289.577,-0.00342343
-762.555,-0.00130705,-470.451,-0.00211426
-1235.53,-0.000807714,-762.555,-0.00130705
-2000.62,-0.000499215,-1235.53,-0.000807714
-3238.68,-0.000308527,-2000.62,-0.000499215
-5241.83,-0.000190681,-3238.68,-0.000308527
-8483.03,-0.000117847,-5241.83,-0.000190681
-13727.4,-7.28337e-05,-8483.03,-0.000117847
-22212.9,-4.50137e-05,-13727.4,-7.28337e-05
-35942.9,-2.782e-05,-22212.9,-4.50137e-05
-58158.3,-1.71937e-05,-35942.9,-2.782e-05
-94103.7,-1.06263e-05,-58158.3,-1.71937e-05
-152265,-6.56741e-06,-94103.7,-1.06263e-05
-246371,-4.05888e-06,-152265,-6.56741e-06
-398638,-2.50853e-06,-246371,-4.05888e-06
-645011,-1.55035e-06,-398638,-2.50853e-06
-1.04365e+06,-9.58172e-07,-645011,-1.55035e-06
-1.68867e+06,-5.92183e-07,-1.04365e+06,-9.58172e-07
-2.73232e+06,-3.65989e-07,-1.68867e+06,-5.92183e-07
-4.42099e+06,-2.26194e-07,-2.73232e+06,-3.65989e-07
-7.15331e+06,-1.39795e-07,-4.42099e+06,-2.26194e-07
-1.15743e+07,-8.63983e-08,-7.15331e+06,-1.39795e-07
-1.87276e+07,-5.33971e-08,-1.15743e+07,-8.63983e-08
-3.03019e+07,-3.30012e-08,-1.87276e+07,-5.33971e-08
-4.90295e+07,-2.03959e-08,-3.03019e+07,-3.30012e-08
-7.93315e+07,-1.26053e-08,-4.90295e+07,-2.03959e-08
-1.28361e+08,-7.79053e-09,-7.93315e+07,-1.26053e-08
-2.07692e+08,-4.81481e-09,-1.28361e+08,-7.79053e-09
-3.36053e+08,-2.97572e-09,-2.07692e+08,-4.81481e-09
-5.43746e+08,-1.83909e-09,-3.36053e+08,-2.97572e-09
-8.79799e+08,-1.13662e-09,-5.43746e+08,-1.83909e-09
-1.42355e+09,-7.02471e-10,-8.79799e+08,-1.13662e-09
-2.30334e+09,-4.34151e-10,-1.42355e+09,-7.02471e-10
-3.72689e+09,-2.6832e-10,-2.30334e+09,-4.34151e-10
-6.03024e+09,-1.65831e-10,-3.72689e+09,-2.6832e-10
-9.75713e+09,-1.02489e-10,-6.03024e+09,-1.65831e-10
-1.57874e+10,-6.33418e-11,-9.75713e+09,-1.02489e-10
-2.55445e+10,-3.91474e-11,-1.57874e+10,-6.33418e-11
-4.13318e+10,-2.41944e-11,-2.55445e+10,-3.91474e-11
-6.68763e+10,-1.4953e-11,-4.13318e+10,-2.41944e-11
-1.08208e+11,-9.24145e-12,-6.68763e+10,-1.4953e-11
-1.75085e+11,-5.71153e-12,-1.08208e+11,-9.24145e-12
-2.83293e+11,-3.52992e-12,-1.75085e+11,-5.71153e-12
-4.58377e+11,-2.18161e-12,-2.83293e+11,-3.52992e-12
-7.4167e+11,-1.34831e-12,-4.58377e+11,-2.18161e-12
-1.20005e+12,-8.33301e-13,-7.4167e+11,-1.34831e-12
-1.94172e+12,-5.15008e-13,-1.20005e+12,-8.33301e-13
-3.14176e+12,-3.18293e-13,-1.94172e+12,-5.15008e-13
-5.08348e+12,-1.96716e-13,-3.14176e+12,-3.18293e-13
-8.22525e+12,-1.21577e-13,-5.08348e+12,-1.96716e-13
-1.33087e+13,-7.51387e-14,-8.22525e+12,-1.21577e-13
-2.1534e+13,-4.64383e-14,-1.33087e+13,-7.51387e-14
-3.48427e+13,-2.87004e-14,-2.1534e+13,-4.64383e-14
-5.63767e+13,-1.77378e-14,-3.48427e+13,-2.87004e-14
-9.12194e+13,-1.09626e-14,-5.63767e+13,-1.77378e-14
-1.47596e+14,-6.77525e-15,-9.12194e+13,-1.09626e-14
-2.38815e+14,-4.18733e-15,-1.47596e+14,-6.77525e-15
-3.86411e+14,-2.58791e-15,-2.38815e+14,-4.18733e-15
-6.25227e+14,-1.59942e-15,-3.86411e+14,-2.58791e-15
-1.01164e+15,-9.88496e-16,-6.25227e+14,-1.59942e-15
-1.63687e+15,-6.10924e-16,-1.01164e+15,-9.88496e-16
-2.6485e+15,-3.77572e-16,-1.63687e+15,-6.10924e-16
-4.28537e+15,-2.33352e-16,-2.6485e+15,-3.77572e-16
-6.93387e+15,-1.4422e-16,-4.28537e+15,-2.33352e-16
-1.12192e+16,-8.91326e-17,-6.93387e+15,-1.4422e-16
-1.81531e+16,-5.5087e-17,-1.12192e+16,-8.91326e-17
-2.93724e+16,-3.40456e-17,-1.81531e+16,-5.5087e-17
-4.75255e+16,-2.10414e-17,-2.93724e+16,-3.40456e-17
-7.68978e+16,-1.30043e-17,-4.75255e+16,-2.10414e-17
-1.24423e+17,-8.03708e-18,-7.68978e+16,-1.30043e-17
-2.01321e+17,-4.96719e-18,-1.24423e+17,-8.03708e-18
-3.25744e+17,-3.06989e-18,-2.01321e+17,-4.96719e-18
-5.27066e+17,-1.8973e-18,-3.25744e+17,-3.06989e-18
-8.5281e+17,-1.17259e-18,-5.27066e+17,-1.8973e-18
-1.37988e+18,-7.24703e-19,-8.5281e+17,-1.17259e-18
-2.23269e+18,-4.47891e-19,-1.37988e+18,-7.24703e-19
-3.61256e+18,-2.76812e-19,-2.23269e+18,-4.47891e-19
-5.84525e+18,-1.71079e-19,-3.61256e+18,-2.76812e-19
-9.45781e+18,-1.05733e-19,-5.84525e+18,-1.71079e-19
-1.53031e+19,-6.53464e-20,-9.45781e+18,-1.05733e-19
-2.47609e+19,-4.03863e-20,-1.53031e+19,-6.53464e-20
-4.00639e+19,-2.49601e-20,-2.47609e+19,-4.03863e-20
-6.48248e+19,-1.54262e-20,-4.00639e+19,-2.49601e-20
-1.04889e+20,-9.53392e-21,-6.48248e+19,-1.54262e-20
-1.69713e+20,-5.89228e-21,-1.04889e+20,-9.53392e-21
-2.74602e+20,-3.64163e-21,-1.69713e+20,-5.89228e-21
-4.44316e+20,-2.25065e-21,-2.74602e+20,-3.64163e-21
-7.18918e+20,-1.39098e-21,-4.44316e+20,-2.25065e-21
-1.16323e+21,-8.59673e-22,-7.18918e+20,-1.39098e-21
-1.88215e+21,-5.31307e-22,-1.16323e+21,-8.59673e-22
-3.04538e+21,-3.28366e-22,-1.88215e+21,-5.31307e-22
-4.92754e+21,-2.02941e-22,-3.04538e+21,-3.28366e-22
-7.97292e+21,-1.25425e-22,-4.92754e+21,-2.02941e-22
-1.29005e+22,-7.75166e-23,-7.97292e+21,-1.25425e-22
-2.08734e+22,-4.79079e-23,-1.29005e+22,-7.75166e-23
-3.37738e+22,-2.96087e-23,-2.08734e+22,-4.79079e-23
-5.46472e+22,-1.82992e-23,-3.37738e+22,-2.96087e-23
-8.8421e+22,-1.13095e-23,-5.46472e+22,-1.82992e-23
-1.43068e+23,-6.98967e-24,-8.8421e+22,-1.13095e-23
-2.31489e+23,-4.31985e-24,-1.43068e+23,-6.98967e-24
-3.74558e+23,-2.66982e-24,-2.31489e+23,-4.31985e-24
-6.06047e+23,-1.65004e-24,-3.74558e+23,-2.66982e-24
-9.80604e+23,-1.01978e-24,-6.06047e+23,-1.65004e-24
-1.58665e+24,-6.30258e-25,-9.80604e+23,-1.01978e-24
-2.56726e+24,-3.89521e-25,-1.58665e+24,-6.30258e-25
-4.15391e+24,-2.40737e-25,-2.56726e+24,-3.89521e-25
-6.72116e+24,-1.48784e-25,-4.15391e+24,-2.40737e-25
-1.08751e+25,-9.19534e-26,-6.72116e+24,-1.48784e-25
-1.75962e+25,-5.68304e-26,-1.08751e+25,-9.19534e-26
-2.84713e+25,-3.51231e-26,-1.75962e+25,-5.68304e-26
-4.60675e+25,-2.17073e-26,-2.84713e+25,-3.51231e-26
-7.45388e+25,-1.34158e-26,-4.60675e+25,-2.17073e-26
-1.20606e+26,-8.29144e-27,-7.45388e+25,-1.34158e-26
-1.95145e+26,-5.12439e-27,-1.20606e+26,-8.29144e-27
-3.15752e+26,-3.16705e-27,-1.95145e+26,-5.12439e-27
-5.10897e+26,-1.95734e-27,-3.15752e+26,-3.16705e-27
-8.26648e+26,-1.2097e-27,-5.10897e+26,-1.95734e-27
-1.33755e+27,-7.47638e-28,-8.26648e+26,-1.2097e-27
-2.16419e+27,-4.62066e-28,-1.33755e+27,-7.47638e-28
-3.50174e+27,-2.85572e-28,-2.16419e+27,-4.62066e-28
-5.66593e+27,-1.76493e-28,-3.50174e+27,-2.85572e-28
-9.16767e+27,-1.09079e-28,-5.66593e+27,-1.76493e-28
-1.48336e+28,-6.74145e-29,-9.16767e+27,-1.09079e-28
-2.40013e+28,-4.16645e-29,-1.48336e+28,-6.74145e-29
-3.88349e+28,-2.57501e-29,-2.40013e+28,-4.16645e-29
-6.28361e+28,-1.59144e-29,-3.88349e+28,-2.57501e-29
-1.01671e+29,-9.83564e-30,-6.28361e+28,-1.59144e-29
-1.64507e+29,-6.07876e-30,-1.01671e+29,-9.83564e-30
-2.66178e+29,-3.75688e-30,-1.64507e+29,-6.07876e-30
-4.30685e+29,-2.32188e-30,-2.66178e+29,-3.75688e-30
-6.96864e+29,-1.435e-30,-4.30685e+29,-2.32188e-30
-1.12755e+30,-8.8688e-31,-6.96864e+29,-1.435e-30
-1.82441e+30,-5.48122e-31,-1.12755e+30,-8.8688e-31
-2.95196e+30,-3.38758e-31,-1.82441e+30,-5.48122e-31
-4.77637e+30,-2.09364e-31,-2.95196e+30,-3.38758e-31
-7.72833e+30,-1.29394e-31,-4.77637e+30,-2.09364e-31
-1.25047e+31,-7.99699e-32,-7.72833e+30,-1.29394e-31
-2.0233e+31,-4.94241e-32,-1.25047e+31,-7.99699e-32
-3.27378e+31,-3.05458e-32,-2.0233e+31,-4.94241e-32
-5.29708e+31,-1.88783e-32,-3.27378e+31,-3.05458e-32
-8.57085e+31,-1.16674e-32,-5.29708e+31,-1.88783e-32
-1.38679e+32,-7.21088e-33,-8.57085e+31,-1.16674e-32
-2.24388e+32,-4.45657e-33,-1.38679e+32,-7.21088e-33
-3.63067e+32,-2.75431e-33,-2.24388e+32,-4.45657e-33
-5.87455e+32,-1.70226e-33,-3.63067e+32,-2.75431e-33
-9.50522e+32,-1.05205e-33,-5.87455e+32,-1.70226e-33
-1.53798e+33,-6.50205e-34,-9.50522e+32,-1.05205e-33
-2.4885e+33,-4.01849e-34,-1.53798e+33,-6.50205e-34
-4.02648e+33,-2.48356e-34,-2.4885e+33,-4.01849e-34
-6.51498e+33,-1.53492e-34,-4.02648e+33,-2.48356e-34
-1.05415e+34,-9.48636e-35,-6.51498e+33,-1.53492e-34
-1.70564e+34,-5.86289e-35,-1.05415e+34,-9.48636e-35
-2.75979e+34,-3.62347e-35,-1.70564e+34,-5.86289e-35
-4.46543e+34,-2.23943e-35,-2.75979e+34,-3.62347e-35
-7.22522e+34,-1.38404e-35,-4.46543e+34,-2.23943e-35
-1.16907e+35,-8.55384e-36,-7.22522e+34,-1.38404e-35
-1.89159e+35,-5.28657e-36,-1.16907e+35,-8.55384e-36
-3.06065e+35,-3.26728e-36,-1.89159e+35,-5.28657e-36
-4.95224e+35,-2.01929e-36,-3.06065e+35,-3.26728e-36
-8.01289e+35,-1.24799e-36,-4.95224e+35,-2.01929e-36
-1.29651e+36,-7.713e-37,-8.01289e+35,-1.24799e-36
-2.0978e+36,-4.76689e-37,-1.29651e+36,-7.713e-37
-3.39432e+36,-2.9461e-37,-2.0978e+36,-4.76689e-37
-5.49212e+36,-1.82079e-37,-3.39432e+36,-2.9461e-37
-8.88643e+36,-1.12531e-37,-5.49212e+36,-1.82079e-37
-1.43786e+37,-6.9548e-38,-8.88643e+36,-1.12531e-37
-2.3265e+37,-4.2983e-38,-1.43786e+37,-6.9548e-38
-3.76435e+37,-2.6565e-38,-2.3265e+37,-4.2983e-38
-6.09085e+37,-1.64181e-38,-3.76435e+37,-2.6565e-38
-9.85521e+37,-1.01469e-38,-6.09085e+37,-1.64181e-38
-1.59461e+38,-6.27114e-39,-9.85521e+37,-1.01469e-38
-2.58013e+38,-3.87578e-39,-1.59461e+38,-6.27114e-39
-4.17473e+38,-2.39536e-39,-2.58013e+38,-3.87578e-39
-6.75486e+38,-1.48042e-39,-4.17473e+38,-2.39536e-39
-1.09296e+39,-9.14947e-40,-6.75486e+38,-1.48042e-39
-1.76844e+39,-5.65469e-40,-1.09296e+39,-9.14947e-40
-2.8614e+39,-3.49479e-40,-1.76844e+39,-5.65469e-40
-4.62985e+39,-2.1599e-40,-2.8614e+39,-3.49479e-40
-7.49125e+39,-1.33489e-40,-4.62985e+39,-2.1599e-40
-1.21211e+40,-8.25008e-41,-7.49125e+39,-1.33489e-40
-1.96124e+40,-5.09883e-41,-1.21211e+40,-8.25008e-41
-3.17335e+40,-3.15125e-41,-1.96124e+40,-5.09883e-41
-5.13458e+40,-1.94758e-41,-3.17335e+40,-3.15125e-41
-8.30793e+40,-1.20367e-41,-5.13458e+40,-1.94758e-41
-1.34425e+41,-7.43909e-42,-8.30793e+40,-1.20367e-41
-2.17504e+41,-4.59761e-42,-1.34425e+41,-7.43909e-42
-3.51929e+41,-2.84148e-42,-2.17504e+41,-4.59761e-42
-5.69434e+41,-1.75613e-42,-3.51929e+41,-2.84148e-42
-9.21363e+41,-1.08535e-42,-5.69434e+41,-1.75613e-42
-1.4908e+42,-6.70782e-43,-9.21363e+41,-1.08535e-42
-2.41216e+42,-4.14566e-43,-1.4908e+42,-6.70782e-43
-3.90296e+42,-2.56216e-43,-2.41216e+42,-4.14566e-43
-6.31512e+42,-1.5835e-43,-3.90296e+42,-2.56216e-43
-1.02181e+43,-9.78658e-44,-6.31512e+42,-1.5835e-43
-1.65332e+43,-6.04844e-44,-1.02181e+43,-9.78658e-44
-2.67513e+43,-3.73814e-44,-1.65332e+43,-6.04844e-44
-4.32845e+43,-2.3103e-44,-2.67513e+43,-3.73814e-44
-7.00357e+43,-1.42784e-44,-4.32845e+43,-2.3103e-44
-1.1332e+44,-8.82455e-45,-7.00357e+43,-1.42784e-44
-1.83356e+44,-5.45387e-45,-1.1332e+44,-8.82455e-45
-2.96676e+44,-3.37068e-45,-1.83356e+44,-5.45387e-45
-4.80032e+44,-2.08319e-45,-2.96676e+44,-3.37068e-45
-7.76708e+44,-1.28748e-45,-4.80032e+44,-2.08319e-45
-1.25674e+45,-7.95709e-46,-7.76708e+44,-1.28748e-45
-2.03345e+45,-4.91776e-46,-1.25674e+45,-7.95709e-46
-3.29019e+45,-3.03934e-46,-2.03345e+45,-4.91776e-46
-5.32364e+45,-1.87842e-46,-3.29019e+45,-3.03934e-46
-8.61382e+45,-1.16092e-46,-5.32364e+45,-1.87842e-46
-1.39375e+46,-7.17491e-47,-8.61382e+45,-1.16092e-46
-2.25513e+46,-4.43434e-47,-1.39375e+46,-7.17491e-47
-3.64887e+46,-2.74057e-47,-2.25513e+46,-4.43434e-47
-5.904e+46,-1.69377e-47,-3.64887e+46,-2.74057e-47
-9.55288e+46,-1.0468e-47,-5.904e+46,-1.69377e-47
-1.54569e+47,-6.46961e-48,-9.55288e+46,-1.0468e-47
-2.50098e+47,-3.99844e-48,-1.54569e+47,-6.46961e-48
-4.04666e+47,-2.47117e-48,-2.50098e+47,-3.99844e-48
-6.54764e+47,-1.52727e-48,-4.04666e+47,-2.47117e-48
-1.05943e+48,-9.43903e-49,-6.54764e+47,-1.52727e-48
-1.71419e+48,-5.83364e-49,-1.05943e+48,-9.43903e-49
-2.77362e+48,-3.60539e-49,-1.71419e+48,-5.83364e-49
-4.48782e+48,-2.22825e-49,-2.77362e+48,-3.60539e-49
-7.26144e+48,-1.37714e-49,-4.48782e+48,-2.22825e-49
-1.17493e+49,-8.51117e-50,-7.26144e+48,-1.37714e-49
-1.90107e+49,-5.26019e-50,-1.17493e+49,-8.51117e-50
-3.076e+49,-3.25098e-50,-1.90107e+49,-5.26019e-50
-4.97707e+49,-2.00922e-50,-3.076e+49,-3.25098e-50
-8.05306e+49,-1.24176e-50,-4.97707e+49,-2.00922e-50
-1.30301e+50,-7.67452e-51,-8.05306e+49,-1.24176e-50
-2.10832e+50,-4.74311e-51,-1.30301e+50,-7.67452e-51
-3.41133e+50,-2.93141e-51,-2.10832e+50,-4.74311e-51
-5.51965e+50,-1.81171e-51,-3.41133e+50,-2.93141e-51
-8.93099e+50,-1.1197e-51,-5.51965e+50,-1.81171e-51
-1.44506e+51,-6.92011e-52,-8.93099e+50,-1.1197e-51
-2.33816e+51,-4.27686e-52,-1.44506e+51,-6.92011e-52
-3.78323e+51,-2.64325e-52,-2.33816e+51,-4.27686e-52
-6.12139e+51,-1.63362e-52,-3.78323e+51,-2.64325e-52
-9.90461e+51,-1.00963e-52,-6.12139e+51,-1.63362e-52
-1.6026e+52,-6.23986e-53,-9.90461e+51,-1.00963e-52
-2.59306e+52,-3.85644e-53,-1.6026e+52,-6.23986e-53
-4.19566e+52,-2.38341e-53,-2.59306e+52,-3.85644e-53
-6.78872e+52,-1.47303e-53,-4.19566e+52,-2.38341e-53
-1.09844e+53,-9.10383e-54,-6.78872e+52,-1.47303e-53
-1.77731e+53,-5.62648e-54,-1.09844e+53,-9.10383e-54
-2.87575e+53,-3.47735e-54,-1.77731e+53,-5.62648e-54
-4.65306e+53,-2.14912e-54,-2.87575e+53,-3.47735e-54
-7.52881e+53,-1.32823e-54,-4.65306e+53,-2.14912e-54
-1.21819e+54,-8.20892e-55,-7.52881e+53,-1.32823e-54
-1.97107e+54,-5.07339e-55,-1.21819e+54,-8.20892e-55
-3.18926e+54,-3.13553e-55,-1.97107e+54,-5.07339e-55
-5.16032e+54,-1.93786e-55,-3.18926e+54,-3.13553e-55
-8.34958e+54,-1.19767e-55,-5.16032e+54,-1.93786e-55
-1.35099e+55,-7.40198e-56,-8.34958e+54,-1.19767e-55
-2.18595e+55,-4.57467e-56,-1.35099e+55,-7.40198e-56
-3.53694e+55,-2.8273e-56,-2.18595e+55,-4.57467e-56
-5.72289e+55,-1.74737e-56,-3.53694e+55,-2.8273e-56
-9.25982e+55,-1.07993e-56,-5.72289e+55,-1.74737e-56
-1.49827e+56,-6.67436e-57,-9.25982e+55,-1.07993e-56
-2.42425e+56,-4.12498e-57,-1.49827e+56,-6.67436e-57
-3.92252e+56,-2.54938e-57,-2.42425e+56,-4.12498e-57
-6.34678e+56,-1.5756e-57,-3.92252e+56,-2.54938e-57
-1.02693e+57,-9.73776e-58,-6.34678e+56,-1.5756e-57
-1.66161e+57,-6.01827e-58,-1.02693e+57,-9.73776e-58
-2.68854e+57,-3.71949e-58,-1.66161e+57,-6.01827e-58
-4.35015e+57,-2.29877e-58,-2.68854e+57,-3.71949e-58
-7.03868e+57,-1.42072e-58,-4.35015e+57,-2.29877e-58
-1.13888e+58,-8.78053e-59,-7.03868e+57,-1.42072e-58
-1.84275e+58,-5.42667e-59,-1.13888e+58,-8.78053e-59
-2.98163e+58,-3.35386e-59,-1.84275e+58,-5.42667e-59
-4.82439e+58,-2.0728e-59,-2.98163e+58,-3.35386e-59
-7.80602e+58,-1.28106e-59,-4.82439e+58,-2.0728e-59
-1.26304e+59,-7.9174e-60,-7.80602e+58,-1.28106e-59
-2.04364e+59,-4.89322e-60,-1.26304e+59,-7.9174e-60
-3.30668e+59,-3.02418e-60,-2.04364e+59,-4.89322e-60
-5.35033e+59,-1.86904e-60,-3.30668e+59,-3.02418e-60
-8.65701e+59,-1.15513e-60,-5.35033e+59,-1.86904e-60
-1.40073e+60,-7.13912e-61,-8.65701e+59,-1.15513e-60
-2.26643e+60,-4.41222e-61,-1.40073e+60,-7.13912e-61
-3.66717e+60,-2.7269e-61,-2.26643e+60,-4.41222e-61
-5.9336e+60,-1.68532e-61,-3.66717e+60,-2.7269e-61
-9.60077e+60,-1.04158e-61,-5.9336e+60,-1.68532e-61
-1.55344e+61,-6.43734e-62,-9.60077e+60,-1.04158e-61
-2.51351e+61,-3.97849e-62,-1.55344e+61,-6.43734e-62
-4.06695e+61,-2.45884e-62,-2.51351e+61,-3.97849e-62
-6.58047e+61,-1.51965e-62,-4.06695e+61,-2.45884e-62
-1.06474e+62,-9.39195e-63,-6.58047e+61,-1.51965e-62
-1.72279e+62,-5.80454e-63,-1.06474e+62,-9.39195e-63
-2.78753e+62,-3.5874e-63,-1.72279e+62,-5.80454e-63
-4.51032e+62,-2.21714e-63,-2.78753e+62,-3.5874e-63
-7.29785e+62,-1.37027e-63,-4.51032e+62,-2.21714e-63
-1.18082e+63,-8.46871e-64,-7.29785e+62,-1.37027e-63
-1.9106e+63,-5.23395e-64,-1.18082e+63,-8.46871e-64
-3.09142e+63,-3.23476e-64,-1.9106e+63,-5.23395e-64
-5.00202e+63,-1.99919e-64,-3.09142e+63,-3.23476e-64
-8.09344e+63,-1.23557e-64,-5.00202e+63,-1.99919e-64
-1.30955e+64,-7.63623e-65,-8.09344e+63,-1.23557e-64
-2.11889e+64,-4.71945e-65,-1.30955e+64,-7.63623e-65
-3.42844e+64,-2.91678e-65,-2.11889e+64,-4.71945e-65
-5.54733e+64,-1.80267e-65,-3.42844e+64,-2.91678e-65
-8.97576e+64,-1.11411e-65,-5.54733e+64,-1.80267e-65
-1.45231e+65,-6.88559e-66,-8.97576e+64,-1.11411e-65
-2.34988e+65,-4.25553e-66,-1.45231e+65,-6.88559e-66
-3.80219e+65,-2.63006e-66,-2.34988e+65,-4.25553e-66
-6.15208e+65,-1.62547e-66,-3.80219e+65,-2.63006e-66
-9.95427e+65,-1.00459e-66,-6.15208e+65,-1.62547e-66
-1.61064e+66,-6.20873e-67,-9.95427e+65,-1.00459e-66
-2.60606e+66,-3.83721e-67,-1.61064e+66,-6.20873e-67
-4.2167e+66,-2.37152e-67,-2.60606e+66,-3.83721e-67
-6.82276e+66,-1.46568e-67,-4.2167e+66,-2.37152e-67
-1.10395e+67,-9.05842e-68,-6.82276e+66,-1.46568e-67
-1.78622e+67,-5.59841e-68,-1.10395e+67,-9.05842e-68
-2.89017e+67,-3.46001e-68,-1.78622e+67,-5.59841e-68
-4.67639e+67,-2.1384e-68,-2.89017e+67,-3.46001e-68
-7.56656e+67,-1.32161e-68,-4.67639e+67,-2.1384e-68
-1.22429e+68,-8.16797e-69,-7.56656e+67,-1.32161e-68
-1.98095e+68,-5.04808e-69,-1.22429e+68,-8.16797e-69
-3.20524e+68,-3.11989e-69,-1.98095e+68,-5.04808e-69
-5.18619e+68,-1.9282e-69,-3.20524e+68,-3.11989e-69
-8.39144e+68,-1.19169e-69,-5.18619e+68,-1.9282e-69
-1.35776e+69,-7.36505e-70,-8.39144e+68,-1.19169e-69
-2.19691e+69,-4.55185e-70,-1.35776e+69,-7.36505e-70
-3.55467e+69,-2.8132e-70,-2.19691e+69,-4.55185e-70
-5.75158e+69,-1.73865e-70,-3.55467e+69,-2.8132e-70
-9.30625e+69,-1.07455e-70,-5.75158e+69,-1.73865e-70
-1.50578e+70,-6.64106e-71,-9.30625e+69,-1.07455e-70
-2.43641e+70,-4.1044e-71,-1.50578e+70,-6.64106e-71
-3.94219e+70,-2.53666e-71,-2.43641e+70,-4.1044e-71
-6.3786e+70,-1.56774e-71,-3.94219e+70,-2.53666e-71
-1.03208e+71,-9.68918e-72,-6.3786e+70,-1.56774e-71
-1.66994e+71,-5.98824e-72,-1.03208e+71,-9.68918e-72
-2.70202e+71,-3.70094e-72,-1.66994e+71,-5.98824e-72
-4.37196e+71,-2.28731e-72,-2.70202e+71,-3.70094e-72
-7.07397e+71,-1.41363e-72,-4.37196e+71,-2.28731e-72
-1.14459e+72,-8.73673e-73,-7.07397e+71,-1.41363e-72
-1.85199e+72,-5.3996e-73,-1.14459e+72,-8.73673e-73
-2.99658e+72,-3.33713e-73,-1.85199e+72,-5.3996e-73
-4.84857e+72,-2.06246e-73,-2.99658e+72,-3.33713e-73
-7.84516e+72,-1.27467e-73,-4.84857e+72,-2.06246e-73
-1.26937e+73,-7.8779e-74,-7.84516e+72,-1.27467e-73
-2.05389e+73,-4.86881e-74,-1.26937e+73,-7.8779e-74
-3.32326e+73,-3.00909e-74,-2.05389e+73,-4.86881e-74
-5.37715e+73,-1.85972e-74,-3.32326e+73,-3.00909e-74
-8.70041e+73,-1.14937e-74,-5.37715e+73,-1.85972e-74
-1.40776e+74,-7.1035e-75,-8.70041e+73,-1.14937e-74
-2.2778e+74,-4.39021e-75,-1.40776e+74,-7.1035e-75
-3.68555e+74,-2.7133e-75,-2.2778e+74,-4.39021e-75
-5.96335e+74,-1.67691e-75,-3.68555e+74,-2.7133e-75
-9.6489e+74,-1.03639e-75,-5.96335e+74,-1.67691e-75
-1.56123e+75,-6.40522e-76,-9.6489e+74,-1.03639e-75
-2.52612e+75,-3.95865e-76,-1.56123e+75,-6.40522e-76
-4.08734e+75,-2.44658e-76,-2.52612e+75,-3.95865e-76
-6.61346e+75,-1.51207e-76,-4.08734e+75,-2.44658e-76
-1.07008e+76,-9.3451e-77,-6.61346e+75,-1.51207e-76
-1.73143e+76,-5.77559e-77,-1.07008e+76,-9.3451e-77
-2.80151e+76,-3.56951e-77,-1.73143e+76,-5.77559e-77
-4.53293e+76,-2.20608e-77,-2.80151e+76,-3.56951e-77
-7.33444e+76,-1.36343e-77,-4.53293e+76,-2.20608e-77
-1.18674e+77,-8.42647e-78,-7.33444e+76,-1.36343e-77
-1.92018e+77,-5.20784e-78,-1.18674e+77,-8.42647e-78
-3.10692e+77,-3.21862e-78,-1.92018e+77,-5.20784e-78
-5.0271e+77,-1.98922e-78,-3.10692e+77,-3.21862e-78
-8.13402e+77,-1.22941e-78,-5.0271e+77,-1.98922e-78
-1.31611e+78,-7.59814e-79,-8.13402e+77,-1.22941e-78
-2.12951e+78,-4.69591e-79,-1.31611e+78,-7.59814e-79
-3.44562e+78,-2.90223e-79,-2.12951e+78,-4.69591e-79
-5.57514e+78,-1.79368e-79,-3.44562e+78,-2.90223e-79
-9.02076e+78,-1.10855e-79,-5.57514e+78,-1.79368e-79
-1.45959e+79,-6.85124e-80,-9.02076e+78,-1.10855e-79
-2.36167e+79,-4.2343e-80,-1.45959e+79,-6.85124e-80
-3.82126e+79,-2.61694e-80,-2.36167e+79,-4.2343e-80
-6.18292e+79,-1.61736e-80,-3.82126e+79,-2.61694e-80
-1.00042e+80,-9.99582e-81,-6.18292e+79,-1.61736e-80
-1.61871e+80,-6.17776e-81,-1.00042e+80,-9.99582e-81
-2.61913e+80,-3.81807e-81,-1.61871e+80,-6.17776e-81
-4.23784e+80,-2.35969e-81,-2.61913e+80,-3.81807e-81
-6.85697e+80,-1.45837e-81,-4.23784e+80,-2.35969e-81
-1.10948e+81,-9.01323e-82,-6.85697e+80,-1.45837e-81
-1.79518e+81,-5.57048e-82,-1.10948e+81,-9.01323e-82
-2.90466e+81,-3.44275e-82,-1.79518e+81,-5.57048e-82
-4.69983e+81,-2.12773e-82,-2.90466e+81,-3.44275e-82
-7.60449e+81,-1.31501e-82,-4.69983e+81,-2.12773e-82
-1.23043e+82,-8.12722e-83,-7.60449e+81,-1.31501e-82
-1.99088e+82,-5.0229e-83,-1.23043e+82,-8.12722e-83
-3.22131e+82,-3.10432e-83,-1.99088e+82,-5.0229e-83
-5.2122e+82,-1.91858e-83,-3.22131e+82,-3.10432e-83
-8.43351e+82,-1.18575e-83,-5.2122e+82,-1.91858e-83
-1.36457e+83,-7.32831e-84,-8.43351e+82,-1.18575e-83
-2.20792e+83,-4.52915e-84,-1.36457e+83,-7.32831e-84
-3.57249e+83,-2.79917e-84,-2.20792e+83,-4.52915e-84
-5.78041e+83,-1.72998e-84,-3.57249e+83,-2.79917e-84
-9.35291e+83,-1.06919e-84,-5.78041e+83,-1.72998e-84
-1.51333e+84,-6.60794e-85,-9.35291e+83,-1.06919e-84
-2.44862e+84,-4.08393e-85,-1.51333e+84,-6.60794e-85
-3.96195e+84,-2.52401e-85,-2.44862e+84,-4.08393e-85
-6.41058e+84,-1.55992e-85,-3.96195e+84,-2.52401e-85
-1.03725e+85,-9.64085e-86,-6.41058e+84,-1.55992e-85
-1.67831e+85,-5.95837e-86,-1.03725e+85,-9.64085e-86
-2.71556e+85,-3.68248e-86,-1.67831e+85,-5.95837e-86
-4.39387e+85,-2.2759e-86,-2.71556e+85,-3.68248e-86
-7.10944e+85,-1.40658e-86,-4.39387e+85,-2.2759e-86
-1.15033e+86,-8.69315e-87,-7.10944e+85,-1.40658e-86
-1.86128e+86,-5.37266e-87,-1.15033e+86,-8.69315e-87
-3.01161e+86,-3.32049e-87,-1.86128e+86,-5.37266e-87
-4.87288e+86,-2.05217e-87,-3.01161e+86,-3.32049e-87
-7.88449e+86,-1.26831e-87,-4.87288e+86,-2.05217e-87
-1.27574e+87,-7.83861e-88,-7.88449e+86,-1.26831e-87
-2.06419e+87,-4.84452e-88,-1.27574e+87,-7.83861e-88
-3.33992e+87,-2.99408e-88,-2.06419e+87,-4.84452e-88
-5.40411e+87,-1.85044e-88,-3.33992e+87,-2.99408e-88
-8.74403e+87,-1.14364e-88,-5.40411e+87,-1.85044e-88
-1.41481e+88,-7.06807e-89,-8.74403e+87,-1.14364e-88
-2.28922e+88,-4.36831e-89,-1.41481e+88,-7.06807e-89
-3.70403e+88,-2.69976e-89,-2.28922e+88,-4.36831e-89
-5.99325e+88,-1.66854e-89,-3.70403e+88,-2.69976e-89
-9.69728e+88,-1.03122e-89,-5.99325e+88,-1.66854e-89
-1.56905e+89,-6.37327e-90,-9.69728e+88,-1.03122e-89
-2.53878e+89,-3.9389e-90,-1.56905e+89,-6.37327e-90
-4.10783e+89,-2.43437e-90,-2.53878e+89,-3.9389e-90
-6.64661e+89,-1.50453e-90,-4.10783e+89,-2.43437e-90
-1.07544e+90,-9.29848e-91,-6.64661e+89,-1.50453e-90
-1.74011e+90,-5.74678e-91,-1.07544e+90,-9.29848e-91
-2.81555e+90,-3.5517e-91,-1.74011e+90,-5.74678e-91
-4.55566e+90,-2.19507e-91,-2.81555e+90,-3.5517e-91
-7.37121e+90,-1.35663e-91,-4.55566e+90,-2.19507e-91
-1.19269e+91,-8.38443e-92,-7.37121e+90,-1.35663e-91
-1.92981e+91,-5.18186e-92,-1.19269e+91,-8.38443e-92
-3.12249e+91,-3.20257e-92,-1.92981e+91,-5.18186e-92
-5.0523e+91,-1.9793e-92,-3.12249e+91,-3.20257e-92
-8.1748e+91,-1.22327e-92,-5.0523e+91,-1.9793e-92
-1.32271e+92,-7.56024e-93,-8.1748e+91,-1.22327e-92
-2.14019e+92,-4.67248e-93,-1.32271e+92,-7.56024e-93
-3.4629e+92,-2.88775e-93,-2.14019e+92,-4.67248e-93
-5.60309e+92,-1.78473e-93,-3.4629e+92,-2.88775e-93
-9.06599e+92,-1.10302e-93,-5.60309e+92,-1.78473e-93
-1.46691e+93,-6.81706e-94,-9.06599e+92,-1.10302e-93
-2.37351e+93,-4.21318e-94,-1.46691e+93,-6.81706e-94
-3.84041e+93,-2.60389e-94,-2.37351e+93,-4.21318e-94
-6.21392e+93,-1.60929e-94,-3.84041e+93,-2.60389e-94
-1.00543e+94,-9.94596e-95,-6.21392e+93,-1.60929e-94
-1.62683e+94,-6.14694e-95,-1.00543e+94,-9.94596e-95
-2.63226e+94,-3.79902e-95,-1.62683e+94,-6.14694e-95
-4.25908e+94,-2.34792e-95,-2.63226e+94,-3.79902e-95
-6.89134e+94,-1.4511e-95,-4.25908e+94,-2.34792e-95
-1.11504e+95,-8.96827e-96,-6.89134e+94,-1.4511e-95
-1.80418e+95,-5.54269e-96,-1.11504e+95,-8.96827e-96
-2.91922e+95,-3.42557e-96,-1.80418e+95,-5.54269e-96
-4.7234e+95,-2.11712e-96,-2.91922e+95,-3.42557e-96
-7.64262e+95,-1.30845e-96,-4.7234e+95,-2.11712e-96
-1.2366e+96,-8.08668e-97,-7.64262e+95,-1.30845e-96
-2.00086e+96,-4.99784e-97,-1.2366e+96,-8.08668e-97
-3.23746e+96,-3.08884e-97,-2.00086e+96,-4.99784e-97
-5.23833e+96,-1.90901e-97,-3.23746e+96,-3.08884e-97
-8.47579e+96,-1.17983e-97,-5.23833e+96,-1.90901e-97
-1.37141e+97,-7.29176e-98,-8.47579e+96,-1.17983e-97
-2.21899e+97,-4.50655e-98,-1.37141e+97,-7.29176e-98
-3.5904e+97,-2.7852e-98,-2.21899e+97,-4.50655e-98
-5.80939e+97,-1.72135e-98,-3.5904e+97,-2.7852e-98
-9.3998e+97,-1.06385e-98,-5.80939e+97,-1.72135e-98
-1.52092e+98,-6.57497e-99,-9.3998e+97,-1.06385e-98
-2.4609e+98,-4.06356e-99,-1.52092e+98,-6.57497e-99
-3.98182e+98,-2.51142e-99,-2.4609e+98,-4.06356e-99
-6.44272e+98,-1.55214e-99,-3.98182e+98,-2.51142e-99
-1.04245e+99,-9.59275e-100,-6.44272e+98,-1.55214e-99
-1.68673e+99,-5.92865e-100,-1.04245e+99,-9.59275e-100
-2.72918e+99,-3.66411e-100,-1.68673e+99,-5.92865e-100
-4.4159e+99,-2.26454e-100,-2.72918e+99,-3.66411e-100
-7.14508e+99,-1.39956e-100,-4.4159e+99,-2.26454e-100
-1.1561e+100,-8.64978e-101,-7.14508e+99,-1.39956e-100
-1.87061e+100,-5.34586e-101,-1.1561e+100,-8.64978e-101
-3.02671e+100,-3.30392e-101,-1.87061e+100,-5.34586e-101
-4.89731e+100,-2.04194e-101,-3.02671e+100,-3.30392e-101
-7.92402e+100,-1.26199e-101,-4.89731e+100,-2.04194e-101
-1.28213e+101,-7.7995e-102,-7.92402e+100,-1.26199e-101
-2.07453e+101,-4.82036e-102,-1.28213e+101,-7.7995e-102
-3.35667e+101,-2.97915e-102,-2.07453e+101,-4.82036e-102
-5.4312e+101,-1.84121e-102,-3.35667e+101,-2.97915e-102
-8.78787e+101,-1.13793e-102,-5.4312e+101,-1.84121e-102
-1.42191e+102,-7.03281e-103,-8.78787e+101,-1.13793e-102
-2.30069e+102,-4.34651e-103,-1.42191e+102,-7.03281e-103
-3.7226e+102,-2.68629e-103,-2.30069e+102,-4.34651e-103
-6.0233e+102,-1.66022e-103,-3.7226e+102,-2.68629e-103
-9.7459e+102,-1.02607e-103,-6.0233e+102,-1.66022e-103
-1.57692e+103,-6.34148e-104,-9.7459e+102,-1.02607e-103
-2.55151e+103,-3.91925e-104,-1.57692e+103,-6.34148e-104
-4.12843e+103,-2.42223e-104,-2.55151e+103,-3.91925e-104
-6.67994e+103,-1.49702e-104,-4.12843e+103,-2.42223e-104
-1.08084e+104,-9.25209e-105,-6.67994e+103,-1.49702e-104
-1.74883e+104,-5.71811e-105,-1.08084e+104,-9.25209e-105
-2.82967e+104,-3.53398e-105,-1.74883e+104,-5.71811e-105
-4.5785e+104,-2.18412e-105,-2.82967e+104,-3.53398e-105
-7.40816e+104,-1.34986e-105,-4.5785e+104,-2.18412e-105
-1.19867e+105,-8.34261e-106,-7.40816e+104,-1.34986e-105
-1.93948e+105,-5.15601e-106,-1.19867e+105,-8.34261e-106
-3.13815e+105,-3.18659e-106,-1.93948e+105,-5.15601e-106
-5.07763e+105,-1.96942e-106,-3.13815e+105,-3.18659e-106
-8.21578e+105,-1.21717e-106,-5.07763e+105,-1.96942e-106
-1.32934e+106,-7.52252e-107,-8.21578e+105,-1.21717e-106
-2.15092e+106,-4.64918e-107,-1.32934e+106,-7.52252e-107
-3.48026e+106,-2.87335e-107,-2.15092e+106,-4.64918e-107
-5.63118e+106,-1.77583e-107,-3.48026e+106,-2.87335e-107
-9.11144e+106,-1.09752e-107,-5.63118e+106,-1.77583e-107
-1.47426e+107,-6.78306e-108,-9.11144e+106,-1.09752e-107
-2.38541e+107,-4.19216e-108,-1.47426e+107,-6.78306e-108
-3.85967e+107,-2.5909e-108,-2.38541e+107,-4.19216e-108
-6.24507e+107,-1.60126e-108,-3.85967e+107,-2.5909e-108
-1.01047e+108,-9.89634e-109,-6.24507e+107,-1.60126e-108
-1.63498e+108,-6.11628e-109,-1.01047e+108,-9.89634e-109
-2.64546e+108,-3.78007e-109,-1.63498e+108,-6.11628e-109
-4.28044e+108,-2.33621e-109,-2.64546e+108,-3.78007e-109
-6.92589e+108,-1.44386e-109,-4.28044e+108,-2.33621e-109
-1.12063e+109,-8.92353e-110,-6.92589e+108,-1.44386e-109
-1.81322e+109,-5.51504e-110,-1.12063e+109,-8.92353e-110
-2.93386e+109,-3.40848e-110,-1.81322e+109,-5.51504e-110
-4.74708e+109,-2.10656e-110,-2.93386e+109,-3.40848e-110
-7.68093e+109,-1.30193e-110,-4.74708e+109,-2.10656e-110
-1.2428e+110,-8.04634e-111,-7.68093e+109,-1.30193e-110
-2.01089e+110,-4.97291e-111,-1.2428e+110,-8.04634e-111
-3.2537e+110,-3.07343e-111,-2.01089e+110,-4.97291e-111
-5.26459e+110,-1.89948e-111,-3.2537e+110,-3.07343e-111
-8.51828e+110,-1.17395e-111,-5.26459e+110,-1.89948e-111
-1.37829e+111,-7.25538e-112,-8.51828e+110,-1.17395e-111
-2.23012e+111,-4.48407e-112,-1.37829e+111,-7.25538e-112
-3.6084e+111,-2.77131e-112,-2.23012e+111,-4.48407e-112
-5.83852e+111,-1.71276e-112,-3.6084e+111,-2.77131e-112
-9.44692e+111,-1.05855e-112,-5.83852e+111,-1.71276e-112
-1.52854e+112,-6.54217e-113,-9.44692e+111,-1.05855e-112
-2.47324e+112,-4.04329e-113,-1.52854e+112,-6.54217e-113
-4.00178e+112,-2.49889e-113,-2.47324e+112,-4.04329e-113
-6.47502e+112,-1.5444e-113,-4.00178e+112,-2.49889e-113
-1.04768e+113,-9.5449e-114,-6.47502e+112,-1.5444e-113
-1.69518e+113,-5.89907e-114,-1.04768e+113,-9.5449e-114
-2.74286e+113,-3.64583e-114,-1.69518e+113,-5.89907e-114
-4.43804e+113,-2.25325e-114,-2.74286e+113,-3.64583e-114
-7.1809e+113,-1.39258e-114,-4.43804e+113,-2.25325e-114
-1.16189e+114,-8.60663e-115,-7.1809e+113,-1.39258e-114
-1.87999e+114,-5.31919e-115,-1.16189e+114,-8.60663e-115
-3.04188e+114,-3.28744e-115,-1.87999e+114,-5.31919e-115
-4.92186e+114,-2.03175e-115,-3.04188e+114,-3.28744e-115
-7.96374e+114,-1.25569e-115,-4.92186e+114,-2.03175e-115
-1.28856e+115,-7.7606e-116,-7.96374e+114,-1.25569e-115
-2.08494e+115,-4.79631e-116,-1.28856e+115,-7.7606e-116
-3.3735e+115,-2.96428e-116,-2.08494e+115,-4.79631e-116
-5.45843e+115,-1.83203e-116,-3.3735e+115,-2.96428e-116
-8.83193e+115,-1.13226e-116,-5.45843e+115,-1.83203e-116
-1.42904e+116,-6.99772e-117,-8.83193e+115,-1.13226e-116
-2.31223e+116,-4.32483e-117,-1.42904e+116,-6.99772e-117
-3.74126e+116,-2.67289e-117,-2.31223e+116,-4.32483e-117
-6.05349e+116,-1.65194e-117,-3.74126e+116,-2.67289e-117
-9.79476e+116,-1.02095e-117,-6.05349e+116,-1.65194e-117
-1.58483e+117,-6.30984e-118,-9.79476e+116,-1.02095e-117
-2.5643e+117,-3.8997e-118,-1.58483e+117,-6.30984e-118
-4.14913e+117,-2.41015e-118,-2.5643e+117,-3.8997e-118
-6.71343e+117,-1.48955e-118,-4.14913e+117,-2.41015e-118
-1.08626e+118,-9.20594e-119,-6.71343e+117,-1.48955e-118
-1.7576e+118,-5.68958e-119,-1.08626e+118,-9.20594e-119
-2.84385e+118,-3.51636e-119,-1.7576e+118,-5.68958e-119
-4.60145e+118,-2.17323e-119,-2.84385e+118,-3.51636e-119
-7.4453e+118,-1.34313e-119,-4.60145e+118,-2.17323e-119
-1.20468e+119,-8.30099e-120,-7.4453e+118,-1.34313e-119
-1.94921e+119,-5.13029e-120,-1.20468e+119,-8.30099e-120
-3.15388e+119,-3.1707e-120,-1.94921e+119,-5.13029e-120
-5.10309e+119,-1.9596e-120,-3.15388e+119,-3.1707e-120
-8.25697e+119,-1.2111e-120,-5.10309e+119,-1.9596e-120
-1.33601e+120,-7.485e-121,-8.25697e+119,-1.2111e-120
-2.1617e+120,-4.62598e-121,-1.33601e+120,-7.485e-121
-3.49771e+120,-2.85901e-121,-2.1617e+120,-4.62598e-121
-5.65941e+120,-1.76697e-121,-3.49771e+120,-2.85901e-121
-9.15712e+120,-1.09205e-121,-5.65941e+120,-1.76697e-121
-1.48165e+121,-6.74922e-122,-9.15712e+120,-1.09205e-121
-2.39736e+121,-4.17125e-122,-1.48165e+121,-6.74922e-122
-3.87902e+121,-2.57797e-122,-2.39736e+121,-4.17125e-122
-6.27638e+121,-1.59327e-122,-3.87902e+121,-2.57797e-122
-1.01554e+122,-9.84698e-123,-6.27638e+121,-1.59327e-122
-1.64318e+122,-6.08577e-123,-1.01554e+122,-9.84698e-123
-2.65872e+122,-3.76121e-123,-1.64318e+122,-6.08577e-123
-4.3019e+122,-2.32456e-123,-2.65872e+122,-3.76121e-123
-6.96062e+122,-1.43665e-123,-4.3019e+122,-2.32456e-123
-1.12625e+123,-8.87901e-124,-6.96062e+122,-1.43665e-123
-1.82231e+123,-5.48753e-124,-1.12625e+123,-8.87901e-124
-2.94856e+123,-3.39148e-124,-1.82231e+123,-5.48753e-124
-4.77088e+123,-2.09605e-124,-2.94856e+123,-3.39148e-124
-7.71944e+123,-1.29543e-124,-4.77088e+123,-2.09605e-124
-1.24903e+124,-8.0062e-125,-7.71944e+123,-1.29543e-124
-2.02098e+124,-4.9481e-125,-1.24903e+124,-8.0062e-125
-3.27001e+124,-3.0581e-125,-2.02098e+124,-4.9481e-125
-5.29098e+124,-1.89001e-125,-3.27001e+124,-3.0581e-125
-8.56099e+124,-1.16809e-125,-5.29098e+124,-1.89001e-125
-1.3852e+125,-7.21919e-126,-8.56099e+124,-1.16809e-125
-2.2413e+125,-4.4617e-126,-1.3852e+125,-7.21919e-126
-3.62649e+125,-2.75748e-126,-2.2413e+125,-4.4617e-126
-5.86779e+125,-1.70422e-126,-3.62649e+125,-2.75748e-126
-9.49428e+125,-1.05327e-126,-5.86779e+125,-1.70422e-126
-1.53621e+126,-6.50954e-127,-9.49428e+125,-1.05327e-126
-2.48564e+126,-4.02312e-127,-1.53621e+126,-6.50954e-127
-4.02184e+126,-2.48642e-127,-2.48564e+126,-4.02312e-127
-6.50748e+126,-1.53669e-127,-4.02184e+126,-2.48642e-127
-1.05293e+127,-9.49729e-128,-6.50748e+126,-1.53669e-127
-1.70368e+127,-5.86965e-128,-1.05293e+127,-9.49729e-128
-2.75661e+127,-3.62764e-128,-1.70368e+127,-5.86965e-128
-4.46029e+127,-2.24201e-128,-2.75661e+127,-3.62764e-128
-7.21691e+127,-1.38564e-128,-4.46029e+127,-2.24201e-128
-1.16772e+128,-8.5637e-129,-7.21691e+127,-1.38564e-128
-1.88941e+128,-5.29266e-129,-1.16772e+128,-8.5637e-129
-3.05713e+128,-3.27104e-129,-1.88941e+128,-5.29266e-129
-4.94654e+128,-2.02161e-129,-3.05713e+128,-3.27104e-129
-8.00367e+128,-1.24943e-129,-4.94654e+128,-2.02161e-129
-1.29502e+129,-7.72188e-130,-8.00367e+128,-1.24943e-129
-2.09539e+129,-4.77239e-130,-1.29502e+129,-7.72188e-130
-3.39041e+129,-2.9495e-130,-2.09539e+129,-4.77239e-130
-5.4858e+129,-1.82289e-130,-3.39041e+129,-2.9495e-130
-8.87621e+129,-1.12661e-130,-5.4858e+129,-1.82289e-130
-1.4362e+130,-6.96282e-131,-8.87621e+129,-1.12661e-130
-2.32382e+130,-4.30326e-131,-1.4362e+130,-6.96282e-131
-3.76002e+130,-2.65956e-131,-2.32382e+130,-4.30326e-131
-6.08384e+130,-1.6437e-131,-3.76002e+130,-2.65956e-131
-9.84386e+130,-1.01586e-131,-6.08384e+130,-1.6437e-131
-1.59277e+131,-6.27837e-132,-9.84386e+130,-1.01586e-131
-2.57716e+131,-3.88024e-132,-1.59277e+131,-6.27837e-132
-4.16993e+131,-2.39812e-132,-2.57716e+131,-3.88024e-132
-6.74708e+131,-1.48212e-132,-4.16993e+131,-2.39812e-132
-1.0917e+132,-9.16002e-133,-6.74708e+131,-1.48212e-132
-1.76641e+132,-5.6612e-133,-1.0917e+132,-9.16002e-133
-2.85811e+132,-3.49881e-133,-1.76641e+132,-5.6612e-133
-4.62452e+132,-2.16239e-133,-2.85811e+132,-3.49881e-133
-7.48263e+132,-1.33643e-133,-4.62452e+132,-2.16239e-133
-1.21072e+133,-8.25958e-134,-7.48263e+132,-1.33643e-133
-1.95898e+133,-5.1047e-134,-1.21072e+133,-8.25958e-134
-3.16969e+133,-3.15488e-134,-1.95898e+133,-5.1047e-134
-5.12867e+133,-1.94982e-134,-3.16969e+133,-3.15488e-134
-8.29837e+133,-1.20506e-134,-5.12867e+133,-1.94982e-134
-1.3427e+134,-7.44766e-135,-8.29837e+133,-1.20506e-134
-2.17254e+134,-4.60291e-135,-1.3427e+134,-7.44766e-135
-3.51524e+134,-2.84475e-135,-2.17254e+134,-4.60291e-135
-5.68778e+134,-1.75815e-135,-3.51524e+134,-2.84475e-135
-9.20303e+134,-1.0866e-135,-5.68778e+134,-1.75815e-135
-1.48908e+135,-6.71555e-136,-9.20303e+134,-1.0866e-135
-2.40938e+135,-4.15044e-136,-1.48908e+135,-6.71555e-136
-3.89847e+135,-2.56511e-136,-2.40938e+135,-4.15044e-136
-6.30785e+135,-1.58533e-136,-3.89847e+135,-2.56511e-136
-1.02063e+136,-9.79786e-137,-6.30785e+135,-1.58533e-136
-1.65142e+136,-6.05541e-137,-1.02063e+136,-9.79786e-137
-2.67205e+136,-3.74245e-137,-1.65142e+136,-6.05541e-137
-4.32346e+136,-2.31296e-137,-2.67205e+136,-3.74245e-137
-6.99551e+136,-1.42949e-137,-4.32346e+136,-2.31296e-137
-1.1319e+137,-8.83472e-138,-6.99551e+136,-1.42949e-137
-1.83145e+137,-5.46016e-138,-1.1319e+137,-8.83472e-138
-2.96335e+137,-3.37456e-138,-1.83145e+137,-5.46016e-138
-4.7948e+137,-2.08559e-138,-2.96335e+137,-3.37456e-138
-7.75814e+137,-1.28897e-138,-4.7948e+137,-2.08559e-138
-1.25529e+138,-7.96626e-139,-7.75814e+137,-1.28897e-138
-2.03111e+138,-4.92342e-139,-1.25529e+138,-7.96626e-139
-3.2864e+138,-3.04284e-139,-2.03111e+138,-4.92342e-139
-5.31751e+138,-1.88058e-139,-3.2864e+138,-3.04284e-139
-8.60391e+138,-1.16226e-139,-5.31751e+138,-1.88058e-139
-1.39214e+139,-7.18317e-140,-8.60391e+138,-1.16226e-139
-2.25253e+139,-4.43945e-140,-1.39214e+139,-7.18317e-140
-3.64468e+139,-2.74373e-140,-2.25253e+139,-4.43945e-140
-5.89721e+139,-1.69572e-140,-3.64468e+139,-2.74373e-140
-9.54188e+139,-1.04801e-140,-5.89721e+139,-1.69572e-140
-1.54391e+140,-6.47706e-141,-9.54188e+139,-1.04801e-140
-2.4981e+140,-4.00305e-141,-1.54391e+140,-6.47706e-141
-4.04201e+140,-2.47402e-141,-2.4981e+140,-4.00305e-141
-6.5401e+140,-1.52903e-141,-4.04201e+140,-2.47402e-141
-1.05821e+141,-9.44991e-142,-6.5401e+140,-1.52903e-141
-1.71222e+141,-5.84037e-142,-1.05821e+141,-9.44991e-142
-2.77043e+141,-3.60954e-142,-1.71222e+141,-5.84037e-142
-4.48265e+141,-2.23082e-142,-2.77043e+141,-3.60954e-142
-7.25309e+141,-1.37872e-142,-4.48265e+141,-2.23082e-142
-1.17357e+142,-8.52098e-143,-7.25309e+141,-1.37872e-142
-1.89888e+142,-5.26625e-143,-1.17357e+142,-8.52098e-143
-3.07246e+142,-3.25472e-143,-1.89888e+142,-5.26625e-143
-4.97134e+142,-2.01153e-143,-3.07246e+142,-3.25472e-143
-8.0438e+142,-1.24319e-143,-4.97134e+142,-2.01153e-143
-1.30151e+143,-7.68336e-144,-8.0438e+142,-1.24319e-143
-2.10589e+143,-4.74858e-144,-1.30151e+143,-7.68336e-144
-3.40741e+143,-2.93478e-144,-2.10589e+143,-4.74858e-144
-5.5133e+143,-1.8138e-144,-3.40741e+143,-2.93478e-144
-8.92071e+143,-1.12099e-144,-5.5133e+143,-1.8138e-144
-1.4434e+144,-6.92808e-145,-8.92071e+143,-1.12099e-144
-2.33547e+144,-4.28179e-145,-1.4434e+144,-6.92808e-145
-3.77887e+144,-2.64629e-145,-2.33547e+144,-4.28179e-145
-6.11434e+144,-1.6355e-145,-3.77887e+144,-2.64629e-145
-9.89322e+144,-1.01079e-145,-6.11434e+144,-1.6355e-145
-1.60076e+145,-6.24705e-146,-9.89322e+144,-1.01079e-145
-2.59008e+145,-3.86089e-146,-1.60076e+145,-6.24705e-146
-4.19083e+145,-2.38616e-146,-2.59008e+145,-3.86089e-146
-6.78091e+145,-1.47473e-146,-4.19083e+145,-2.38616e-146
-1.09717e+146,-9.11432e-147,-6.78091e+145,-1.47473e-146
-1.77527e+146,-5.63296e-147,-1.09717e+146,-9.11432e-147
-2.87244e+146,-3.48136e-147,-1.77527e+146,-5.63296e-147
-4.64771e+146,-2.1516e-147,-2.87244e+146,-3.48136e-147
-7.52015e+146,-1.32976e-147,-4.64771e+146,-2.1516e-147
-1.21679e+147,-8.21838e-148,-7.52015e+146,-1.32976e-147
-1.9688e+147,-5.07924e-148,-1.21679e+147,-8.21838e-148
-3.18558e+147,-3.13914e-148,-1.9688e+147,-5.07924e-148
-5.15438e+147,-1.9401e-148,-3.18558e+147,-3.13914e-148
-8.33997e+147,-1.19905e-148,-5.15438e+147,-1.9401e-148
-1.34944e+148,-7.41051e-149,-8.33997e+147,-1.19905e-148
-2.18343e+148,-4.57994e-149,-1.34944e+148,-7.41051e-149
-3.53287e+148,-2.83056e-149,-2.18343e+148,-4.57994e-149
-5.7163e+148,-1.74938e-149,-3.53287e+148,-2.83056e-149
-9.24917e+148,-1.08118e-149,-5.7163e+148,-1.74938e-149
-1.49655e+149,-6.68205e-150,-9.24917e+148,-1.08118e-149
-2.42146e+149,-4.12973e-150,-1.49655e+149,-6.68205e-150
-3.91801e+149,-2.55232e-150,-2.42146e+149,-4.12973e-150
-6.33947e+149,-1.57742e-150,-3.91801e+149,-2.55232e-150
-1.02575e+150,-9.74898e-151,-6.33947e+149,-1.57742e-150
-1.6597e+150,-6.0252e-151,-1.02575e+150,-9.74898e-151
-2.68544e+150,-3.72378e-151,-1.6597e+150,-6.0252e-151
-4.34514e+150,-2.30142e-151,-2.68544e+150,-3.72378e-151
-7.03058e+150,-1.42236e-151,-4.34514e+150,-2.30142e-151
-1.13757e+151,-8.79065e-152,-7.03058e+150,-1.42236e-151
-1.84063e+151,-5.43292e-152,-1.13757e+151,-8.79065e-152
-2.9782e+151,-3.35773e-152,-1.84063e+151,-5.43292e-152
-4.81883e+151,-2.07519e-152,-2.9782e+151,-3.35773e-152
-7.79704e+151,-1.28254e-152,-4.81883e+151,-2.07519e-152
-1.26159e+152,-7.92652e-153,-7.79704e+151,-1.28254e-152
-2.04129e+152,-4.89886e-153,-1.26159e+152,-7.92652e-153
-3.30288e+152,-3.02766e-153,-2.04129e+152,-4.89886e-153
-5.34417e+152,-1.8712e-153,-3.30288e+152,-3.02766e-153
-8.64705e+152,-1.15646e-153,-5.34417e+152,-1.8712e-153
-1.39912e+153,-7.14734e-154,-8.64705e+152,-1.15646e-153
-2.26383e+153,-4.4173e-154,-1.39912e+153,-7.14734e-154
-3.66295e+153,-2.73004e-154,-2.26383e+153,-4.4173e-154
-5.92677e+153,-1.68726e-154,-3.66295e+153,-2.73004e-154
-9.58972e+153,-1.04278e-154,-5.92677e+153,-1.68726e-154
-1.55165e+154,-6.44475e-155,-9.58972e+153,-1.04278e-154
-2.51062e+154,-3.98308e-155,-1.55165e+154,-6.44475e-155
-4.06227e+154,-2.46168e-155,-2.51062e+154,-3.98308e-155
-6.57289e+154,-1.5214e-155,-4.06227e+154,-2.46168e-155
-1.06352e+155,-9.40277e-156,-6.57289e+154,-1.5214e-155
-1.72081e+155,-5.81123e-156,-1.06352e+155,-9.40277e-156
-2.78432e+155,-3.59154e-156,-1.72081e+155,-5.81123e-156
-4.50513e+155,-2.21969e-156,-2.78432e+155,-3.59154e-156
-7.28945e+155,-1.37185e-156,-4.50513e+155,-2.21969e-156
-1.17946e+156,-8.47847e-157,-7.28945e+155,-1.37185e-156
-1.9084e+156,-5.23998e-157,-1.17946e+156,-8.47847e-157
-3.08786e+156,-3.23849e-157,-1.9084e+156,-5.23998e-157
-4.99626e+156,-2.0015e-157,-3.08786e+156,-3.23849e-157
-8.08412e+156,-1.23699e-157,-4.99626e+156,-2.0015e-157
-1.30804e+157,-7.64503e-158,-8.08412e+156,-1.23699e-157
-2.11645e+157,-4.72489e-158,-1.30804e+157,-7.64503e-158
-3.42449e+157,-2.92014e-158,-2.11645e+157,-4.72489e-158
-5.54094e+157,-1.80475e-158,-3.42449e+157,-2.92014e-158
-8.96543e+157,-1.1154e-158,-5.54094e+157,-1.80475e-158
-1.45064e+158,-6.89352e-159,-8.96543e+157,-1.1154e-158
-2.34718e+158,-4.26043e-159,-1.45064e+158,-6.89352e-159
-3.79782e+158,-2.63309e-159,-2.34718e+158,-4.26043e-159
-6.145e+158,-1.62734e-159,-3.79782e+158,-2.63309e-159
-9.94282e+158,-1.00575e-159,-6.145e+158,-1.62734e-159
-1.60878e+159,-6.21588e-160,-9.94282e+158,-1.00575e-159
-2.60306e+159,-3.84163e-160,-1.60878e+159,-6.21588e-160
-4.21184e+159,-2.37426e-160,-2.60306e+159,-3.84163e-160
-6.81491e+159,-1.46737e-160,-4.21184e+159,-2.37426e-160
-1.10268e+160,-9.06885e-161,-6.81491e+159,-1.46737e-160
-1.78417e+160,-5.60486e-161,-1.10268e+160,-9.06885e-161
-2.88684e+160,-3.46399e-161,-1.78417e+160,-5.60486e-161
-4.67101e+160,-2.14087e-161,-2.88684e+160,-3.46399e-161
-7.55785e+160,-1.32313e-161,-4.67101e+160,-2.14087e-161
-1.22289e+161,-8.17738e-162,-7.55785e+160,-1.32313e-161
-1.97867e+161,-5.0539e-162,-1.22289e+161,-8.17738e-162
-3.20156e+161,-3.12348e-162,-1.97867e+161,-5.0539e-162
-5.18023e+161,-1.93042e-162,-3.20156e+161,-3.12348e-162
-8.38178e+161,-1.19306e-162,-5.18023e+161,-1.93042e-162
-1.3562e+162,-7.37354e-163,-8.38178e+161,-1.19306e-162
-2.19438e+162,-4.5571e-163,-1.3562e+162,-7.37354e-163
-3.55058e+162,-2.81644e-163,-2.19438e+162,-4.5571e-163
-5.74496e+162,-1.74066e-163,-3.55058e+162,-2.81644e-163
-9.29554e+162,-1.07578e-163,-5.74496e+162,-1.74066e-163
-1.50405e+163,-6.64872e-164,-9.29554e+162,-1.07578e-163
-2.4336e+163,-4.10913e-164,-1.50405e+163,-6.64872e-164
-3.93765e+163,-2.53958e-164,-2.4336e+163,-4.10913e-164
-6.37126e+163,-1.56955e-164,-3.93765e+163,-2.53958e-164
-1.03089e+164,-9.70035e-165,-6.37126e+163,-1.56955e-164
-1.66802e+164,-5.99514e-165,-1.03089e+164,-9.70035e-165
-2.69891e+164,-3.7052e-165,-1.66802e+164,-5.99514e-165
-4.36692e+164,-2.28994e-165,-2.69891e+164,-3.7052e-165
-7.06583e+164,-1.41526e-165,-4.36692e+164,-2.28994e-165
-1.14328e+165,-8.7468e-166,-7.06583e+164,-1.41526e-165
-1.84986e+165,-5.40582e-166,-1.14328e+165,-8.7468e-166
-2.99313e+165,-3.34098e-166,-1.84986e+165,-5.40582e-166
-4.84299e+165,-2.06484e-166,-2.99313e+165,-3.34098e-166
-7.83613e+165,-1.27614e-166,-4.84299e+165,-2.06484e-166
-1.26791e+166,-7.88698e-167,-7.83613e+165,-1.27614e-166
-2.05153e+166,-4.87442e-167,-1.26791e+166,-7.88698e-167
-3.31944e+166,-3.01256e-167,-2.05153e+166,-4.87442e-167
-5.37096e+166,-1.86186e-167,-3.31944e+166,-3.01256e-167
-8.6904e+166,-1.1507e-167,-5.37096e+166,-1.86186e-167
-1.40614e+167,-7.11169e-168,-8.6904e+166,-1.1507e-167
-2.27518e+167,-4.39526e-168,-1.40614e+167,-7.11169e-168
-3.68131e+167,-2.71642e-168,-2.27518e+167,-4.39526e-168
-5.95649e+167,-1.67884e-168,-3.68131e+167,-2.71642e-168
-9.6378e+167,-1.03758e-168,-5.95649e+167,-1.67884e-168
-1.55943e+168,-6.4126e-169,-9.6378e+167,-1.03758e-168
-2.52321e+168,-3.96321e-169,-1.55943e+168,-6.4126e-169
-4.08264e+168,-2.4494e-169,-2.52321e+168,-3.96321e-169
-6.60585e+168,-1.51381e-169,-4.08264e+168,-2.4494e-169
-1.06885e+169,-9.35586e-170,-6.60585e+168,-1.51381e-169
-1.72943e+169,-5.78224e-170,-1.06885e+169,-9.35586e-170
-2.79828e+169,-3.57362e-170,-1.72943e+169,-5.78224e-170
-4.52771e+169,-2.20862e-170,-2.79828e+169,-3.57362e-170
-7.326e+169,-1.365e-170,-4.52771e+169,-2.20862e-170
-1.18537e+170,-8.43618e-171,-7.326e+169,-1.365e-170
-1.91797e+170,-5.21384e-171,-1.18537e+170,-8.43618e-171
-3.10334e+170,-3.22233e-171,-1.91797e+170,-5.21384e-171
-5.02131e+170,-1.99151e-171,-3.10334e+170,-3.22233e-171
-8.12465e+170,-1.23082e-171,-5.02131e+170,-1.99151e-171
-1.3146e+171,-7.6069e-172,-8.12465e+170,-1.23082e-171
-2.12706e+171,-4.70132e-172,-1.3146e+171,-7.6069e-172
-3.44166e+171,-2.90558e-172,-2.12706e+171,-4.70132e-172
-5.56872e+171,-1.79574e-172,-3.44166e+171,-2.90558e-172
-9.01038e+171,-1.10983e-172,-5.56872e+171,-1.79574e-172
-1.45791e+172,-6.85913e-173,-9.01038e+171,-1.10983e-172
-2.35895e+172,-4.23918e-173,-1.45791e+172,-6.85913e-173
-3.81686e+172,-2.61996e-173,-2.35895e+172,-4.23918e-173
-6.17581e+172,-1.61922e-173,-3.81686e+172,-2.61996e-173
-9.99266e+172,-1.00073e-173,-6.17581e+172,-1.61922e-173
-1.61685e+173,-6.18488e-174,-9.99266e+172,-1.00073e-173
-2.61611e+173,-3.82246e-174,-1.61685e+173,-6.18488e-174
-4.23296e+173,-2.36241e-174,-2.61611e+173,-3.82246e-174
-6.84907e+173,-1.46005e-174,-4.23296e+173,-2.36241e-174
-1.1082e+174,-9.02361e-175,-6.84907e+173,-1.46005e-174
-1.79311e+174,-5.5769e-175,-1.1082e+174,-9.02361e-175
-2.90131e+174,-3.44671e-175,-1.79311e+174,-5.5769e-175
-4.69443e+174,-2.13019e-175,-2.90131e+174,-3.44671e-175
-7.59574e+174,-1.31653e-175,-4.69443e+174,-2.13019e-175
-1.22902e+175,-8.13659e-176,-7.59574e+174,-1.31653e-175
-1.98859e+175,-5.02869e-176,-1.22902e+175,-8.13659e-176
-3.21761e+175,-3.1079e-176,-1.98859e+175,-5.02869e-176
-5.2062e+175,-1.92079e-176,-3.21761e+175,-3.1079e-176
-8.4238e+175,-1.18711e-176,-5.2062e+175,-1.92079e-176
-1.363e+176,-7.33676e-177,-8.4238e+175,-1.18711e-176
-2.20538e+176,-4.53436e-177,-1.363e+176,-7.33676e-177
-3.56838e+176,-2.80239e-177,-2.20538e+176,-4.53436e-177
-5.77376e+176,-1.73197e-177,-3.56838e+176,-2.80239e-177
-9.34214e+176,-1.07042e-177,-5.77376e+176,-1.73197e-177
-1.51159e+177,-6.61555e-178,-9.34214e+176,-1.07042e-177
-2.4458e+177,-4.08863e-178,-1.51159e+177,-6.61555e-178
-3.95739e+177,-2.52691e-178,-2.4458e+177,-4.08863e-178
-6.4032e+177,-1.56172e-178,-3.95739e+177,-2.52691e-178
-1.03606e+178,-9.65196e-179,-6.4032e+177,-1.56172e-178
-1.67638e+178,-5.96524e-179,-1.03606e+178,-9.65196e-179
-2.71244e+178,-3.68672e-179,-1.67638e+178,-5.96524e-179
-4.38882e+178,-2.27852e-179,-2.71244e+178,-3.68672e-179
-7.10126e+178,-1.4082e-179,-4.38882e+178,-2.27852e-179
-1.14901e+179,-8.70316e-180,-7.10126e+178,-1.4082e-179
-1.85913e+179,-5.37885e-180,-1.14901e+179,-8.70316e-180
-3.00814e+179,-3.32431e-180,-1.85913e+179,-5.37885e-180
-4.86727e+179,-2.05454e-180,-3.00814e+179,-3.32431e-180
-7.87541e+179,-1.26977e-180,-4.86727e+179,-2.05454e-180
-1.27427e+180,-7.84764e-181,-7.87541e+179,-1.26977e-180
-2.06181e+180,-4.85011e-181,-1.27427e+180,-7.84764e-181
-3.33608e+180,-2.99753e-181,-2.06181e+180,-4.85011e-181
-5.39789e+180,-1.85258e-181,-3.33608e+180,-2.99753e-181
-8.73397e+180,-1.14495e-181,-5.39789e+180,-1.85258e-181
-1.41319e+181,-7.07621e-182,-8.73397e+180,-1.14495e-181
-2.28658e+181,-4.37334e-182,-1.41319e+181,-7.07621e-182
-3.69977e+181,-2.70287e-182,-2.28658e+181,-4.37334e-182
-5.98635e+181,-1.67047e-182,-3.69977e+181,-2.70287e-182
-9.68612e+181,-1.03241e-182,-5.98635e+181,-1.67047e-182
-1.56725e+182,-6.38061e-183,-9.68612e+181,-1.03241e-182
-2.53586e+182,-3.94344e-183,-1.56725e+182,-6.38061e-183
-4.10311e+182,-2.43718e-183,-2.53586e+182,-3.94344e-183
-6.63897e+182,-1.50626e-183,-4.10311e+182,-2.43718e-183
-1.07421e+183,-9.30919e-184,-6.63897e+182,-1.50626e-183
-1.7381e+183,-5.7534e-184,-1.07421e+183,-9.30919e-184
-2.81231e+183,-3.55579e-184,-1.7381e+183,-5.7534e-184
-4.55041e+183,-2.1976e-184,-2.81231e+183,-3.55579e-184
-7.36273e+183,-1.35819e-184,-4.55041e+183,-2.1976e-184
-1.19131e+184,-8.39409e-185,-7.36273e+183,-1.35819e-184
-1.92759e+184,-5.18783e-185,-1.19131e+184,-8.39409e-185
-3.1189e+184,-3.20626e-185,-1.92759e+184,-5.18783e-185
-5.04649e+184,-1.98158e-185,-3.1189e+184,-3.20626e-185
-8.16539e+184,-1.22468e-185,-5.04649e+184,-1.98158e-185
-1.32119e+185,-7.56895e-186,-8.16539e+184,-1.22468e-185
-2.13773e+185,-4.67787e-186,-1.32119e+185,-7.56895e-186
-3.45891e+185,-2.89108e-186,-2.13773e+185,-4.67787e-186
-5.59664e+185,-1.78679e-186,-3.45891e+185,-2.89108e-186
-9.05555e+185,-1.10429e-186,-5.59664e+185,-1.78679e-186
-1.46522e+186,-6.82492e-187,-9.05555e+185,-1.10429e-186
-2.37077e+186,-4.21803e-187,-1.46522e+186,-6.82492e-187
-3.83599e+186,-2.60689e-187,-2.37077e+186,-4.21803e-187
-6.20677e+186,-1.61114e-187,-3.83599e+186,-2.60689e-187
-1.00428e+187,-9.95742e-188,-6.20677e+186,-1.61114e-187
-1.62495e+187,-6.15402e-188,-1.00428e+187,-9.95742e-188
-2.62923e+187,-3.8034e-188,-1.62495e+187,-6.15402e-188
-4.25418e+187,-2.35063e-188,-2.62923e+187,-3.8034e-188
-6.88341e+187,-1.45277e-188,-4.25418e+187,-2.35063e-188
-1.11376e+188,-8.9786e-189,-6.88341e+187,-1.45277e-188
-1.8021e+188,-5.54908e-189,-1.11376e+188,-8.9786e-189
-2.91586e+188,-3.42952e-189,-1.8021e+188,-5.54908e-189
-4.71796e+188,-2.11956e-189,-2.91586e+188,-3.42952e-189
-7.63382e+188,-1.30996e-189,-4.71796e+188,-2.11956e-189
-1.23518e+189,-8.096e-190,-7.63382e+188,-1.30996e-189
-1.99856e+189,-5.0036e-190,-1.23518e+189,-8.096e-190
-3.23374e+189,-3.0924e-190,-1.99856e+189,-5.0036e-190
-5.2323e+189,-1.91121e-190,-3.23374e+189,-3.0924e-190
-8.46604e+189,-1.18119e-190,-5.2323e+189,-1.91121e-190
-1.36983e+190,-7.30016e-191,-8.46604e+189,-1.18119e-190
-2.21644e+190,-4.51175e-191,-1.36983e+190,-7.30016e-191
-3.58627e+190,-2.78841e-191,-2.21644e+190,-4.51175e-191
-5.80271e+190,-1.72333e-191,-3.58627e+190,-2.78841e-191
-9.38898e+190,-1.06508e-191,-5.80271e+190,-1.72333e-191
-1.51917e+191,-6.58255e-192,-9.38898e+190,-1.06508e-191
-2.45807e+191,-4.06824e-192,-1.51917e+191,-6.58255e-192
-3.97724e+191,-2.51431e-192,-2.45807e+191,-4.06824e-192
-6.4353e+191,-1.55393e-192,-3.97724e+191,-2.51431e-192
-1.04125e+192,-9.60381e-193,-6.4353e+191,-1.55393e-192
-1.68478e+192,-5.93548e-193,-1.04125e+192,-9.60381e-193
-2.72604e+192,-3.66833e-193,-1.68478e+192,-5.93548e-193
-4.41082e+192,-2.26715e-193,-2.72604e+192,-3.66833e-193
-7.13686e+192,-1.40118e-193,-4.41082e+192,-2.26715e-193
-1.15477e+193,-8.65975e-194,-7.13686e+192,-1.40118e-193
-1.86845e+193,-5.35202e-194,-1.15477e+193,-8.65975e-194
-3.02322e+193,-3.30773e-194,-1.86845e+193,-5.35202e-194
-4.89168e+193,-2.04429e-194,-3.02322e+193,-3.30773e-194
-7.9149e+193,-1.26344e-194,-4.89168e+193,-2.04429e-194
-1.28066e+194,-7.80849e-195,-7.9149e+193,-1.26344e-194
-2.07215e+194,-4.82591e-195,-1.28066e+194,-7.80849e-195
-3.3528e+194,-2.98258e-195,-2.07215e+194,-4.82591e-195
-5.42495e+194,-1.84333e-195,-3.3528e+194,-2.98258e-195
-8.77776e+194,-1.13924e-195,-5.42495e+194,-1.84333e-195
-1.42027e+195,-7.04091e-196,-8.77776e+194,-1.13924e-195
-2.29805e+195,-4.35152e-196,-1.42027e+195,-7.04091e-196
-3.71832e+195,-2.68939e-196,-2.29805e+195,-4.35152e-196
-6.01636e+195,-1.66213e-196,-3.71832e+195,-2.68939e-196
-9.73468e+195,-1.02726e-196,-6.01636e+195,-1.66213e-196
-1.5751e+196,-6.34879e-197,-9.73468e+195,-1.02726e-196
-2.54857e+196,-3.92377e-197,-1.5751e+196,-6.34879e-197
-4.12368e+196,-2.42502e-197,-2.54857e+196,-3.92377e-197
-6.67225e+196,-1.49874e-197,-4.12368e+196,-2.42502e-197
-1.07959e+197,-9.26275e-198,-6.67225e+196,-1.49874e-197
-1.74682e+197,-5.7247e-198,-1.07959e+197,-9.26275e-198
-2.82641e+197,-3.53806e-198,-1.74682e+197,-5.7247e-198
-4.57323e+197,-2.18664e-198,-2.82641e+197,-3.53806e-198
-7.39964e+197,-1.35142e-198,-4.57323e+197,-2.18664e-198
-1.19729e+198,-8.35222e-199,-7.39964e+197,-1.35142e-198
-1.93725e+198,-5.16196e-199,-1.19729e+198,-8.35222e-199
-3.13454e+198,-3.19026e-199,-1.93725e+198,-5.16196e-199
-5.07179e+198,-1.97169e-199,-3.13454e+198,-3.19026e-199
-8.20632e+198,-1.21857e-199,-5.07179e+198,-1.97169e-199
-1.32781e+199,-7.53119e-200,-8.20632e+198,-1.21857e-199
-2.14844e+199,-4.65453e-200,-1.32781e+199,-7.53119e-200
-3.47625e+199,-2.87666e-200,-2.14844e+199,-4.65453e-200
-5.6247e+199,-1.77787e-200,-3.47625e+199,-2.87666e-200
-9.10095e+199,-1.09879e-200,-5.6247e+199,-1.77787e-200
-1.47257e+200,-6.79087e-201,-9.10095e+199,-1.09879e-200
-2.38266e+200,-4.19699e-201,-1.47257e+200,-6.79087e-201
-3.85523e+200,-2.59388e-201,-2.38266e+200,-4.19699e-201
-6.23789e+200,-1.60311e-201,-3.85523e+200,-2.59388e-201
-1.00931e+201,-9.90775e-202,-6.23789e+200,-1.60311e-201
-1.6331e+201,-6.12332e-202,-1.00931e+201,-9.90775e-202
-2.64241e+201,-3.78442e-202,-1.6331e+201,-6.12332e-202
-4.27551e+201,-2.3389e-202,-2.64241e+201,-3.78442e-202
-6.91792e+201,-1.44552e-202,-4.27551e+201,-2.3389e-202
-1.11934e+202,-8.93381e-203,-6.91792e+201,-1.44552e-202
-1.81114e+202,-5.5214e-203,-1.11934e+202,-8.93381e-203
-2.93048e+202,-3.41241e-203,-1.81114e+202,-5.5214e-203
-4.74161e+202,-2.10899e-203,-2.93048e+202,-3.41241e-203
-7.67209e+202,-1.30343e-203,-4.74161e+202,-2.10899e-203
-1.24137e+203,-8.05561e-204,-7.67209e+202,-1.30343e-203
-2.00858e+203,-4.97864e-204,-1.24137e+203,-8.05561e-204
-3.24995e+203,-3.07697e-204,-2.00858e+203,-4.97864e-204
-5.25853e+203,-1.90167e-204,-3.24995e+203,-3.07697e-204
-8.50848e+203,-1.1753e-204,-5.25853e+203,-1.90167e-204
-1.3767e+204,-7.26374e-205,-8.50848e+203,-1.1753e-204
-2.22755e+204,-4.48924e-205,-1.3767e+204,-7.26374e-205
-3.60425e+204,-2.7745e-205,-2.22755e+204,-4.48924e-205
-5.8318e+204,-1.71474e-205,-3.60425e+204,-2.7745e-205
-9.43605e+204,-1.05977e-205,-5.8318e+204,-1.71474e-205
-1.52679e+205,-6.54971e-206,-9.43605e+204,-1.05977e-205
-2.47039e+205,-4.04794e-206,-1.52679e+205,-6.54971e-206
-3.99718e+205,-2.50177e-206,-2.47039e+205,-4.04794e-206
-6.46757e+205,-1.54618e-206,-3.99718e+205,-2.50177e-206
-1.04647e+206,-9.5559e-207,-6.46757e+205,-1.54618e-206
-1.69323e+206,-5.90587e-207,-1.04647e+206,-9.5559e-207
-2.7397e+206,-3.65003e-207,-1.69323e+206,-5.90587e-207
-4.43294e+206,-2.25584e-207,-2.7397e+206,-3.65003e-207
-7.17264e+206,-1.39419e-207,-4.43294e+206,-2.25584e-207
-1.16056e+207,-8.61655e-208,-7.17264e+206,-1.39419e-207
-1.87782e+207,-5.32532e-208,-1.16056e+207,-8.61655e-208
-3.03838e+207,-3.29123e-208,-1.87782e+207,-5.32532e-208
-4.9162e+207,-2.03409e-208,-3.03838e+207,-3.29123e-208
-7.95458e+207,-1.25714e-208,-4.9162e+207,-2.03409e-208
-1.28708e+208,-7.76954e-209,-7.95458e+207,-1.25714e-208
-2.08254e+208,-4.80184e-209,-1.28708e+208,-7.76954e-209
-3.36961e+208,-2.9677e-209,-2.08254e+208,-4.80184e-209
-5.45215e+208,-1.83414e-209,-3.36961e+208,-2.9677e-209
-8.82176e+208,-1.13356e-209,-5.45215e+208,-1.83414e-209
-1.42739e+209,-7.00579e-210,-8.82176e+208,-1.13356e-209
-2.30957e+209,-4.32981e-210,-1.42739e+209,-7.00579e-210
-3.73696e+209,-2.67597e-210,-2.30957e+209,-4.32981e-210
-6.04653e+209,-1.65384e-210,-3.73696e+209,-2.67597e-210
-9.78349e+209,-1.02213e-210,-6.04653e+209,-1.65384e-210
-1.583e+210,-6.31711e-211,-9.78349e+209,-1.02213e-210
-2.56135e+210,-3.90419e-211,-1.583e+210,-6.31711e-211
-4.14435e+210,-2.41292e-211,-2.56135e+210,-3.90419e-211
-6.7057e+210,-1.49127e-211,-4.14435e+210,-2.41292e-211
-1.08501e+211,-9.21655e-212,-6.7057e+210,-1.49127e-211
-1.75558e+211,-5.69614e-212,-1.08501e+211,-9.21655e-212
-2.84058e+211,-3.52041e-212,-1.75558e+211,-5.69614e-212
-4.59616e+211,-2.17573e-212,-2.84058e+211,-3.52041e-212
-7.43674e+211,-1.34468e-212,-4.59616e+211,-2.17573e-212
-1.20329e+212,-8.31055e-213,-7.43674e+211,-1.34468e-212
-1.94696e+212,-5.1362e-213,-1.20329e+212,-8.31055e-213
-3.15025e+212,-3.17435e-213,-1.94696e+212,-5.1362e-213
-5.09721e+212,-1.96186e-213,-3.15025e+212,-3.17435e-213
-8.24747e+212,-1.21249e-213,-5.09721e+212,-1.96186e-213
-1.33447e+213,-7.49362e-214,-8.24747e+212,-1.21249e-213
-2.15921e+213,-4.63131e-214,-1.33447e+213,-7.49362e-214
-3.49368e+213,-2.86231e-214,-2.15921e+213,-4.63131e-214
-5.6529e+213,-1.769e-214,-3.49368e+213,-2.86231e-214
-9.14658e+213,-1.0933e-214,-5.6529e+213,-1.769e-214
-1.47995e+214,-6.75699e-215,-9.14658e+213,-1.0933e-214
-2.39461e+214,-4.17605e-215,-1.47995e+214,-6.75699e-215
-3.87455e+214,-2.58094e-215,-2.39461e+214,-4.17605e-215
-6.26916e+214,-1.59511e-215,-3.87455e+214,-2.58094e-215
-1.01437e+215,-9.85832e-216,-6.26916e+214,-1.59511e-215
-1.64129e+215,-6.09278e-216,-1.01437e+215,-9.85832e-216
-2.65566e+215,-3.76554e-216,-1.64129e+215,-6.09278e-216
-4.29695e+215,-2.32723e-216,-2.65566e+215,-3.76554e-216
-6.9526e+215,-1.43831e-216,-4.29695e+215,-2.32723e-216
-1.12496e+216,-8.88924e-217,-6.9526e+215,-1.43831e-216
-1.82022e+216,-5.49385e-217,-1.12496e+216,-8.88924e-217
-2.94517e+216,-3.39539e-217,-1.82022e+216,-5.49385e-217
-4.76539e+216,-2.09847e-217,-2.94517e+216,-3.39539e-217
-7.71056e+216,-1.29692e-217,-4.76539e+216,-2.09847e-217
-1.24759e+217,-8.01543e-218,-7.71056e+216,-1.29692e-217
-2.01865e+217,-4.95381e-218,-1.24759e+217,-8.01543e-218
-3.26624e+217,-3.06162e-218,-2.01865e+217,-4.95381e-218
-5.28489e+217,-1.89219e-218,-3.26624e+217,-3.06162e-218
-8.55114e+217,-1.16943e-218,-5.28489e+217,-1.89219e-218
-1.3836e+218,-7.22751e-219,-8.55114e+217,-1.16943e-218
-2.23872e+218,-4.46684e-219,-1.3836e+218,-7.22751e-219
-3.62232e+218,-2.76066e-219,-2.23872e+218,-4.46684e-219
-5.86104e+218,-1.70618e-219,-3.62232e+218,-2.76066e-219
-9.48336e+218,-1.05448e-219,-5.86104e+218,-1.70618e-219
-1.53444e+219,-6.51704e-220,-9.48336e+218,-1.05448e-219
-2.48278e+219,-4.02775e-220,-1.53444e+219,-6.51704e-220
-4.01722e+219,-2.48929e-220,-2.48278e+219,-4.02775e-220
-6.49999e+219,-1.53846e-220,-4.01722e+219,-2.48929e-220
-1.05172e+220,-9.50823e-221,-6.49999e+219,-1.53846e-220
-1.70172e+220,-5.87641e-221,-1.05172e+220,-9.50823e-221
-2.75344e+220,-3.63182e-221,-1.70172e+220,-5.87641e-221
-4.45516e+220,-2.24459e-221,-2.75344e+220,-3.63182e-221
-7.2086e+220,-1.38723e-221,-4.45516e+220,-2.24459e-221
-1.16638e+221,-8.57356e-222,-7.2086e+220,-1.38723e-221
-1.88724e+221,-5.29875e-222,-1.16638e+221,-8.57356e-222
-3.05361e+221,-3.27481e-222,-1.88724e+221,-5.29875e-222
-4.94085e+221,-2.02394e-222,-3.05361e+221,-3.27481e-222
-7.99446e+221,-1.25087e-222,-4.94085e+221,-2.02394e-222
-1.29353e+222,-7.73078e-223,-7.99446e+221,-1.25087e-222
-2.09298e+222,-4.77788e-223,-1.29353e+222,-7.73078e-223
-3.38651e+222,-2.95289e-223,-2.09298e+222,-4.77788e-223
-5.47948e+222,-1.82499e-223,-3.38651e+222,-2.95289e-223
-8.86599e+222,-1.12791e-223,-5.47948e+222,-1.82499e-223
-1.43455e+223,-6.97084e-224,-8.86599e+222,-1.12791e-223
-2.32115e+223,-4.30822e-224,-1.43455e+223,-6.97084e-224
-3.75569e+223,-2.66262e-224,-2.32115e+223,-4.30822e-224
-6.07684e+223,-1.64559e-224,-3.75569e+223,-2.66262e-224
-9.83254e+223,-1.01703e-224,-6.07684e+223,-1.64559e-224
-1.59094e+224,-6.2856e-225,-9.83254e+223,-1.01703e-224
-2.57419e+224,-3.88472e-225,-1.59094e+224,-6.2856e-225
-4.16513e+224,-2.40089e-225,-2.57419e+224,-3.88472e-225
-6.73932e+224,-1.48383e-225,-4.16513e+224,-2.40089e-225
-1.09044e+225,-9.17057e-226,-6.73932e+224,-1.48383e-225
-1.76438e+225,-5.66772e-226,-1.09044e+225,-9.17057e-226
-2.85482e+225,-3.50285e-226,-1.76438e+225,-5.66772e-226
-4.6192e+225,-2.16488e-226,-2.85482e+225,-3.50285e-226
-7.47402e+225,-1.33797e-226,-4.6192e+225,-2.16488e-226
-1.20932e+226,-8.2691e-227,-7.47402e+225,-1.33797e-226
-1.95672e+226,-5.11058e-227,-1.20932e+226,-8.2691e-227
-3.16605e+226,-3.15851e-227,-1.95672e+226,-5.11058e-227
-5.12277e+226,-1.95207e-227,-3.16605e+226,-3.15851e-227
-8.28882e+226,-1.20644e-227,-5.12277e+226,-1.95207e-227
-1.34116e+227,-7.45624e-228,-8.28882e+226,-1.20644e-227
-2.17004e+227,-4.60821e-228,-1.34116e+227,-7.45624e-228
-3.5112e+227,-2.84803e-228,-2.17004e+227,-4.60821e-228
-5.68124e+227,-1.76018e-228,-3.5112e+227,-2.84803e-228
-9.19244e+227,-1.08785e-228,-5.68124e+227,-1.76018e-228
-1.48737e+228,-6.72329e-229,-9.19244e+227,-1.08785e-228
-2.40661e+228,-4.15522e-229,-1.48737e+228,-6.72329e-229
-3.89398e+228,-2.56807e-229,-2.40661e+228,-4.15522e-229
-6.30059e+228,-1.58715e-229,-3.89398e+228,-2.56807e-229
-1.01946e+229,-9.80914e-230,-6.30059e+228,-1.58715e-229
-1.64952e+229,-6.06238e-230,-1.01946e+229,-9.80914e-230
-2.66897e+229,-3.74676e-230,-1.64952e+229,-6.06238e-230
-4.31849e+229,-2.31562e-230,-2.66897e+229,-3.74676e-230
-6.98746e+229,-1.43113e-230,-4.31849e+229,-2.31562e-230
-1.1306e+230,-8.8449e-231,-6.98746e+229,-1.43113e-230
-1.82934e+230,-5.46645e-231,-1.1306e+230,-8.8449e-231
-2.95994e+230,-3.37845e-231,-1.82934e+230,-5.46645e-231
-4.78928e+230,-2.088e-231,-2.95994e+230,-3.37845e-231
-7.74921e+230,-1.29045e-231,-4.78928e+230,-2.088e-231
-1.25385e+231,-7.97544e-232,-7.74921e+230,-1.29045e-231
-2.02877e+231,-4.92909e-232,-1.25385e+231,-7.97544e-232
-3.28262e+231,-3.04635e-232,-2.02877e+231,-4.92909e-232
-5.31139e+231,-1.88275e-232,-3.28262e+231,-3.04635e-232
-8.59401e+231,-1.1636e-232,-5.31139e+231,-1.88275e-232
-1.39054e+232,-7.19145e-233,-8.59401e+231,-1.1636e-232
-2.24994e+232,-4.44456e-233,-1.39054e+232,-7.19145e-233
-3.64048e+232,-2.74689e-233,-2.24994e+232,-4.44456e-233
-5.89042e+232,-1.69767e-233,-3.64048e+232,-2.74689e-233
-9.5309e+232,-1.04922e-233,-5.89042e+232,-1.69767e-233
-1.54213e+233,-6.48453e-234,-9.5309e+232,-1.04922e-233
-2.49522e+233,-4.00766e-234,-1.54213e+233,-6.48453e-234
-4.03736e+233,-2.47687e-234,-2.49522e+233,-4.00766e-234
-6.53258e+233,-1.53079e-234,-4.03736e+233,-2.47687e-234
-1.05699e+234,-9.4608e-235,-6.53258e+233,-1.53079e-234
-1.71025e+234,-5.84709e-235,-1.05699e+234,-9.4608e-235
-2.76724e+234,-3.6137e-235,-1.71025e+234,-5.84709e-235
-4.4775e+234,-2.23339e-235,-2.76724e+234,-3.6137e-235
-7.24474e+234,-1.38031e-235,-4.4775e+234,-2.23339e-235
-1.17222e+235,-8.5308e-236,-7.24474e+234,-1.38031e-235
-1.8967e+235,-5.27232e-236,-1.17222e+235,-8.5308e-236
-3.06892e+235,-3.25847e-236,-1.8967e+235,-5.27232e-236
-4.96562e+235,-2.01385e-236,-3.06892e+235,-3.25847e-236
-8.03454e+235,-1.24463e-236,-4.96562e+235,-2.01385e-236
-1.30002e+236,-7.69221e-237,-8.03454e+235,-1.24463e-236
-2.10347e+236,-4.75405e-237,-1.30002e+236,-7.69221e-237
-3.40349e+236,-2.93816e-237,-2.10347e+236,-4.75405e-237
-5.50696e+236,-1.81589e-237,-3.40349e+236,-2.93816e-237
-8.91044e+236,-1.12228e-237,-5.50696e+236,-1.81589e-237
-1.44174e+237,-6.93606e-238,-8.91044e+236,-1.12228e-237
-2.33278e+237,-4.28672e-238,-1.44174e+237,-6.93606e-238
-3.77452e+237,-2.64934e-238,-2.33278e+237,-4.28672e-238
-6.10731e+237,-1.63738e-238,-3.77452e+237,-2.64934e-238
-9.88183e+237,-1.01196e-238,-6.10731e+237,-1.63738e-238
-1.59891e+238,-6.25425e-239,-9.88183e+237,-1.01196e-238
-2.5871e+238,-3.86534e-239,-1.59891e+238,-6.25425e-239
-4.18601e+238,-2.38891e-239,-2.5871e+238,-3.86534e-239
-6.77311e+238,-1.47643e-239,-4.18601e+238,-2.38891e-239
-1.09591e+239,-9.12482e-240,-6.77311e+238,-1.47643e-239
-1.77322e+239,-5.63945e-240,-1.09591e+239,-9.12482e-240
-2.86913e+239,-3.48537e-240,-1.77322e+239,-5.63945e-240
-4.64236e+239,-2.15408e-240,-2.86913e+239,-3.48537e-240
-7.51149e+239,-1.33129e-240,-4.64236e+239,-2.15408e-240
-1.21538e+240,-8.22785e-241,-7.51149e+239,-1.33129e-240
-1.96653e+240,-5.08509e-241,-1.21538e+240,-8.22785e-241
-3.18192e+240,-3.14276e-241,-1.96653e+240,-5.08509e-241
-5.14845e+240,-1.94233e-241,-3.18192e+240,-3.14276e-241
-8.33037e+240,-1.20043e-241,-5.14845e+240,-1.94233e-241
-1.34788e+241,-7.41904e-242,-8.33037e+240,-1.20043e-241
-2.18092e+241,-4.58522e-242,-1.34788e+241,-7.41904e-242
-3.5288e+241,-2.83382e-242,-2.18092e+241,-4.58522e-242
-5.70972e+241,-1.7514e-242,-3.5288e+241,-2.83382e-242
-9.23852e+241,-1.08242e-242,-5.70972e+241,-1.7514e-242
-1.49482e+242,-6.68975e-243,-9.23852e+241,-1.08242e-242
-2.41868e+242,-4.13449e-243,-1.49482e+242,-6.68975e-243
-3.9135e+242,-2.55526e-243,-2.41868e+242,-4.13449e-243
-6.33218e+242,-1.57924e-243,-3.9135e+242,-2.55526e-243
-1.02457e+243,-9.76021e-244,-6.33218e+242,-1.57924e-243
-1.65779e+243,-6.03214e-244,-1.02457e+243,-9.76021e-244
-2.68235e+243,-3.72807e-244,-1.65779e+243,-6.03214e-244
-4.34014e+243,-2.30407e-244,-2.68235e+243,-3.72807e-244
-7.02249e+243,-1.424e-244,-4.34014e+243,-2.30407e-244
-1.13626e+244,-8.80078e-245,-7.02249e+243,-1.424e-244
-1.83851e+244,-5.43918e-245,-1.13626e+244,-8.80078e-245
-2.97478e+244,-3.3616e-245,-1.83851e+244,-5.43918e-245
-4.81329e+244,-2.07758e-245,-2.97478e+244,-3.3616e-245
-7.78806e+244,-1.28402e-245,-4.81329e+244,-2.07758e-245
-1.26014e+245,-7.93566e-246,-7.78806e+244,-1.28402e-245
-2.03894e+245,-4.9045e-246,-1.26014e+245,-7.93566e-246
-3.29908e+245,-3.03115e-246,-2.03894e+245,-4.9045e-246
-5.33802e+245,-1.87335e-246,-3.29908e+245,-3.03115e-246
-8.6371e+245,-1.1578e-246,-5.33802e+245,-1.87335e-246
-1.39751e+246,-7.15558e-247,-8.6371e+245,-1.1578e-246
-2.26122e+246,-4.42239e-247,-1.39751e+246,-7.15558e-247
-3.65873e+246,-2.73319e-247,-2.26122e+246,-4.42239e-247
-5.91995e+246,-1.6892e-247,-3.65873e+246,-2.73319e-247
-9.57869e+246,-1.04398e-247,-5.91995e+246,-1.6892e-247
-1.54986e+247,-6.45218e-248,-9.57869e+246,-1.04398e-247
-2.50773e+247,-3.98767e-248,-1.54986e+247,-6.45218e-248
-4.0576e+247,-2.46451e-248,-2.50773e+247,-3.98767e-248
-6.56533e+247,-1.52315e-248,-4.0576e+247,-2.46451e-248
-1.06229e+248,-9.4136e-249,-6.56533e+247,-1.52315e-248
-1.71883e+248,-5.81793e-249,-1.06229e+248,-9.4136e-249
-2.78112e+248,-3.59568e-249,-1.71883e+248,-5.81793e-249
-4.49994e+248,-2.22225e-249,-2.78112e+248,-3.59568e-249
-7.28106e+248,-1.37343e-249,-4.49994e+248,-2.22225e-249
-1.1781e+249,-8.48824e-250,-7.28106e+248,-1.37343e-249
-1.90621e+249,-5.24602e-250,-1.1781e+249,-8.48824e-250
-3.08431e+249,-3.24222e-250,-1.90621e+249,-5.24602e-250
-4.99051e+249,-2.0038e-250,-3.08431e+249,-3.24222e-250
-8.07482e+249,-1.23842e-250,-4.99051e+249,-2.0038e-250
-1.30653e+250,-7.65384e-251,-8.07482e+249,-1.23842e-250
-2.11402e+250,-4.73033e-251,-1.30653e+250,-7.65384e-251
-3.42055e+250,-2.92351e-251,-2.11402e+250,-4.73033e-251
-5.53456e+250,-1.80683e-251,-3.42055e+250,-2.92351e-251
-8.95511e+250,-1.11668e-251,-5.53456e+250,-1.80683e-251
-1.44897e+251,-6.90146e-252,-8.95511e+250,-1.11668e-251
-2.34448e+251,-4.26534e-252,-1.44897e+251,-6.90146e-252
-3.79345e+251,-2.63612e-252,-2.34448e+251,-4.26534e-252
-6.13793e+251,-1.62921e-252,-3.79345e+251,-2.63612e-252
-9.93137e+251,-1.00691e-252,-6.13793e+251,-1.62921e-252
-1.60693e+252,-6.22305e-253,-9.93137e+251,-1.00691e-252
-2.60007e+252,-3.84605e-253,-1.60693e+252,-6.22305e-253
-4.207e+252,-2.37699e-253,-2.60007e+252,-3.84605e-253
-6.80706e+252,-1.46906e-253,-4.207e+252,-2.37699e-253
-1.10141e+253,-9.0793e-254,-6.80706e+252,-1.46906e-253
-1.78211e+253,-5.61132e-254,-1.10141e+253,-9.0793e-254
-2.88352e+253,-3.46798e-254,-1.78211e+253,-5.61132e-254
-4.66563e+253,-2.14333e-254,-2.88352e+253,-3.46798e-254
-7.54915e+253,-1.32465e-254,-4.66563e+253,-2.14333e-254
-1.22148e+254,-8.1868e-255,-7.54915e+253,-1.32465e-254
-1.97639e+254,-5.05972e-255,-1.22148e+254,-8.1868e-255
-3.19787e+254,-3.12708e-255,-1.97639e+254,-5.05972e-255
-5.17426e+254,-1.93264e-255,-3.19787e+254,-3.12708e-255
-8.37214e+254,-1.19444e-255,-5.17426e+254,-1.93264e-255
-1.35464e+255,-7.38203e-256,-8.37214e+254,-1.19444e-255
-2.19185e+255,-4.56235e-256,-1.35464e+255,-7.38203e-256
-3.54649e+255,-2.81969e-256,-2.19185e+255,-4.56235e-256
-5.73835e+255,-1.74266e-256,-3.54649e+255,-2.81969e-256
-9.28484e+255,-1.07702e-256,-5.73835e+255,-1.74266e-256
-1.50232e+256,-6.65638e-257,-9.28484e+255,-1.07702e-256
-2.4308e+256,-4.11387e-257,-1.50232e+256,-6.65638e-257
-3.93312e+256,-2.54251e-257,-2.4308e+256,-4.11387e-257
-6.36392e+256,-1.57136e-257,-3.93312e+256,-2.54251e-257
-1.0297e+257,-9.71152e-258,-6.36392e+256,-1.57136e-257
-1.6661e+257,-6.00205e-258,-1.0297e+257,-9.71152e-258
-2.6958e+257,-3.70947e-258,-1.6661e+257,-6.00205e-258
-4.3619e+257,-2.29258e-258,-2.6958e+257,-3.70947e-258
-7.0577e+257,-1.41689e-258,-4.3619e+257,-2.29258e-258
-1.14196e+258,-8.75687e-259,-7.0577e+257,-1.41689e-258
-1.84773e+258,-5.41205e-259,-1.14196e+258,-8.75687e-259
-2.98969e+258,-3.34483e-259,-1.84773e+258,-5.41205e-259
-4.83742e+258,-2.06722e-259,-2.98969e+258,-3.34483e-259
-7.82711e+258,-1.27761e-259,-4.83742e+258,-2.06722e-259
-1.26645e+259,-7.89607e-260,-7.82711e+258,-1.27761e-259
-2.04916e+259,-4.88004e-260,-1.26645e+259,-7.89607e-260
-3.31562e+259,-3.01603e-260,-2.04916e+259,-4.88004e-260
-5.36478e+259,-1.86401e-260,-3.31562e+259,-3.01603e-260
-8.6804e+259,-1.15202e-260,-5.36478e+259,-1.86401e-260
-1.40452e+260,-7.11988e-261,-8.6804e+259,-1.15202e-260
-2.27256e+260,-4.40033e-261,-1.40452e+260,-7.11988e-261
-3.67708e+260,-2.71955e-261,-2.27256e+260,-4.40033e-261
-5.94963e+260,-1.68078e-261,-3.67708e+260,-2.71955e-261
-9.62671e+260,-1.03878e-261,-5.94963e+260,-1.68078e-261
-1.55763e+261,-6.41999e-262,-9.62671e+260,-1.03878e-261
-2.52031e+261,-3.96777e-262,-1.55763e+261,-6.41999e-262
-4.07794e+261,-2.45222e-262,-2.52031e+261,-3.96777e-262
-6.59824e+261,-1.51555e-262,-4.07794e+261,-2.45222e-262
-1.06762e+262,-9.36664e-263,-6.59824e+261,-1.51555e-262
-1.72744e+262,-5.7889e-263,-1.06762e+262,-9.36664e-263
-2.79506e+262,-3.57774e-263,-1.72744e+262,-5.7889e-263
-4.5225e+262,-2.21116e-263,-2.79506e+262,-3.57774e-263
-7.31757e+262,-1.36657e-263,-4.5225e+262,-2.21116e-263
-1.18401e+263,-8.4459e-264,-7.31757e+262,-1.36657e-263
-1.91576e+263,-5.21985e-264,-1.18401e+263,-8.4459e-264
-3.09977e+263,-3.22605e-264,-1.91576e+263,-5.21985e-264
-5.01553e+263,-1.99381e-264,-3.09977e+263,-3.22605e-264
-8.1153e+263,-1.23224e-264,-5.01553e+263,-1.99381e-264
-1.31308e+264,-7.61566e-265,-8.1153e+263,-1.23224e-264
-2.12461e+264,-4.70674e-265,-1.31308e+264,-7.61566e-265
-3.4377e+264,-2.90892e-265,-2.12461e+264,-4.70674e-265
-5.56231e+264,-1.79781e-265,-3.4377e+264,-2.90892e-265
-9.00001e+264,-1.11111e-265,-5.56231e+264,-1.79781e-265
-1.45623e+265,-6.86704e-266,-9.00001e+264,-1.11111e-265
-2.35623e+265,-4.24406e-266,-1.45623e+265,-6.86704e-266
-3.81247e+265,-2.62297e-266,-2.35623e+265,-4.24406e-266
-6.1687e+265,-1.62109e-266,-3.81247e+265,-2.62297e-266
-9.98116e+265,-1.00189e-266,-6.1687e+265,-1.62109e-266
-1.61499e+266,-6.192e-267,-9.98116e+265,-1.00189e-266
-2.6131e+266,-3.82687e-267,-1.61499e+266,-6.192e-267
-4.22809e+266,-2.36513e-267,-2.6131e+266,-3.82687e-267
-6.84119e+266,-1.46173e-267,-4.22809e+266,-2.36513e-267
-1.10693e+267,-9.03401e-268,-6.84119e+266,-1.46173e-267
-1.79105e+267,-5.58333e-268,-1.10693e+267,-9.03401e-268
-2.89798e+267,-3.45068e-268,-1.79105e+267,-5.58333e-268
-4.68902e+267,-2.13264e-268,-2.89798e+267,-3.45068e-268
-7.587e+267,-1.31804e-268,-4.68902e+267,-2.13264e-268
-1.2276e+268,-8.14596e-269,-7.587e+267,-1.31804e-268
-1.9863e+268,-5.03448e-269,-1.2276e+268,-8.14596e-269
-3.2139e+268,-3.11148e-269,-1.9863e+268,-5.03448e-269
-5.20021e+268,-1.923e-269,-3.2139e+268,-3.11148e-269
-8.41411e+268,-1.18848e-269,-5.20021e+268,-1.923e-269
-1.36143e+269,-7.34521e-270,-8.41411e+268,-1.18848e-269
-2.20284e+269,-4.53959e-270,-1.36143e+269,-7.34521e-270
-3.56427e+269,-2.80562e-270,-2.20284e+269,-4.53959e-270
-5.76712e+269,-1.73397e-270,-3.56427e+269,-2.80562e-270
-9.33139e+269,-1.07165e-270,-5.76712e+269,-1.73397e-270
-1.50985e+270,-6.62317e-271,-9.33139e+269,-1.07165e-270
-2.44299e+270,-4.09334e-271,-1.50985e+270,-6.62317e-271
-3.95284e+270,-2.52983e-271,-2.44299e+270,-4.09334e-271
-6.39583e+270,-1.56352e-271,-3.95284e+270,-2.52983e-271
-1.03487e+271,-9.66308e-272,-6.39583e+270,-1.56352e-271
-1.67445e+271,-5.97211e-272,-1.03487e+271,-9.66308e-272
-2.70932e+271,-3.69097e-272,-1.67445e+271,-5.97211e-272
-4.38377e+271,-2.28114e-272,-2.70932e+271,-3.69097e-272
-7.09308e+271,-1.40982e-272,-4.38377e+271,-2.28114e-272
-1.14769e+272,-8.71319e-273,-7.09308e+271,-1.40982e-272
-1.85699e+272,-5.38505e-273,-1.14769e+272,-8.71319e-273
-3.00468e+272,-3.32814e-273,-1.85699e+272,-5.38505e-273
-4.86167e+272,-2.05691e-273,-3.00468e+272,-3.32814e-273
-7.86635e+272,-1.27124e-273,-4.86167e+272,-2.05691e-273
-1.2728e+273,-7.85668e-274,-7.86635e+272,-1.27124e-273
-2.05944e+273,-4.85569e-274,-1.2728e+273,-7.85668e-274
-3.33224e+273,-3.00098e-274,-2.05944e+273,-4.85569e-274
-5.39168e+273,-1.85471e-274,-3.33224e+273,-3.00098e-274
-8.72392e+273,-1.14627e-274,-5.39168e+273,-1.85471e-274
-1.41156e+274,-7.08436e-275,-8.72392e+273,-1.14627e-274
-2.28395e+274,-4.37838e-275,-1.41156e+274,-7.08436e-275
-3.69551e+274,-2.70599e-275,-2.28395e+274,-4.37838e-275
-5.97946e+274,-1.67239e-275,-3.69551e+274,-2.70599e-275
-9.67497e+274,-1.03359e-275,-5.97946e+274,-1.67239e-275
-1.56544e+275,-6.38797e-276,-9.67497e+274,-1.03359e-275
-2.53294e+275,-3.94798e-276,-1.56544e+275,-6.38797e-276
-4.09838e+275,-2.43999e-276,-2.53294e+275,-3.94798e-276
-6.63132e+275,-1.50799e-276,-4.09838e+275,-2.43999e-276
-1.07297e+276,-9.31992e-277,-6.63132e+275,-1.50799e-276
-1.7361e+276,-5.76003e-277,-1.07297e+276,-9.31992e-277
-2.80907e+276,-3.55989e-277,-1.7361e+276,-5.76003e-277
-4.54518e+276,-2.20013e-277,-2.80907e+276,-3.55989e-277
-7.35425e+276,-1.35976e-277,-4.54518e+276,-2.20013e-277
-1.18994e+277,-8.40376e-278,-7.35425e+276,-1.35976e-277
-1.92537e+277,-5.19381e-278,-1.18994e+277,-8.40376e-278
-3.11531e+277,-3.20995e-278,-1.92537e+277,-5.19381e-278
-5.04068e+277,-1.98386e-278,-3.11531e+277,-3.20995e-278
-8.15599e+277,-1.22609e-278,-5.04068e+277,-1.98386e-278
-1.31967e+278,-7.57767e-279,-8.15599e+277,-1.22609e-278
-2.13527e+278,-4.68326e-279,-1.31967e+278,-7.57767e-279
-3.45493e+278,-2.89441e-279,-2.13527e+278,-4.68326e-279
-5.5902e+278,-1.78885e-279,-3.45493e+278,-2.89441e-279
-9.04513e+278,-1.10557e-279,-5.5902e+278,-1.78885e-279
-1.46353e+279,-6.83278e-280,-9.04513e+278,-1.10557e-279
-2.36805e+279,-4.22289e-280,-1.46353e+279,-6.83278e-280
-3.83158e+279,-2.60989e-280,-2.36805e+279,-4.22289e-280
-6.19963e+279,-1.613e-280,-3.83158e+279,-2.60989e-280
-1.00312e+280,-9.96889e-281,-6.19963e+279,-1.613e-280
-1.62308e+280,-6.16111e-281,-1.00312e+280,-9.96889e-281
-2.6262e+280,-3.80778e-281,-1.62308e+280,-6.16111e-281
-4.24929e+280,-2.35334e-281,-2.6262e+280,-3.80778e-281
-6.87549e+280,-1.45444e-281,-4.24929e+280,-2.35334e-281
-1.11248e+281,-8.98894e-282,-6.87549e+280,-1.45444e-281
-1.80003e+281,-5.55547e-282,-1.11248e+281,-8.98894e-282
-2.9125e+281,-3.43347e-282,-1.80003e+281,-5.55547e-282
-4.71253e+281,-2.122e-282,-2.9125e+281,-3.43347e-282
-7.62504e+281,-1.31147e-282,-4.71253e+281,-2.122e-282
-1.23376e+282,-8.10533e-283,-7.62504e+281,-1.31147e-282
-1.99626e+282,-5.00937e-283,-1.23376e+282,-8.10533e-283
-3.23002e+282,-3.09596e-283,-1.99626e+282,-5.00937e-283
-5.22628e+282,-1.91341e-283,-3.23002e+282,-3.09596e-283
-8.45629e+282,-1.18255e-283,-5.22628e+282,-1.91341e-283
-1.36826e+283,-7.30857e-284,-8.45629e+282,-1.18255e-283
-2.21389e+283,-4.51694e-284,-1.36826e+283,-7.30857e-284
-3.58214e+283,-2.79162e-284,-2.21389e+283,-4.51694e-284
-5.79603e+283,-1.72532e-284,-3.58214e+283,-2.79162e-284
-9.37817e+283,-1.06631e-284,-5.79603e+283,-1.72532e-284
-1.51742e+284,-6.59013e-285,-9.37817e+283,-1.06631e-284
-2.45524e+284,-4.07293e-285,-1.51742e+284,-6.59013e-285
-3.97266e+284,-2.51721e-285,-2.45524e+284,-4.07293e-285
-6.4279e+284,-1.55572e-285,-3.97266e+284,-2.51721e-285
-1.04006e+285,-9.61487e-286,-6.4279e+284,-1.55572e-285
-1.68284e+285,-5.94232e-286,-1.04006e+285,-9.61487e-286
-2.7229e+285,-3.67255e-286,-1.68284e+285,-5.94232e-286
-4.40575e+285,-2.26976e-286,-2.7229e+285,-3.67255e-286
-7.12865e+285,-1.40279e-286,-4.40575e+285,-2.26976e-286
-1.15344e+286,-8.66973e-287,-7.12865e+285,-1.40279e-286
-1.8663e+286,-5.35818e-287,-1.15344e+286,-8.66973e-287
-3.01974e+286,-3.31154e-287,-1.8663e+286,-5.35818e-287
-4.88605e+286,-2.04664e-287,-3.01974e+286,-3.31154e-287
-7.90579e+286,-1.2649e-287,-4.88605e+286,-2.04664e-287
-1.27918e+287,-7.81749e-288,-7.90579e+286,-1.2649e-287
-2.06976e+287,-4.83147e-288,-1.27918e+287,-7.81749e-288
-3.34895e+287,-2.98601e-288,-2.06976e+287,-4.83147e-288
-5.41871e+287,-1.84546e-288,-3.34895e+287,-2.98601e-288
-8.76765e+287,-1.14056e-288,-5.41871e+287,-1.84546e-288
-1.41864e+288,-7.04902e-289,-8.76765e+287,-1.14056e-288
-2.2954e+288,-4.35654e-289,-1.41864e+288,-7.04902e-289
-3.71404e+288,-2.69249e-289,-2.2954e+288,-4.35654e-289
-6.00944e+288,-1.66405e-289,-3.71404e+288,-2.69249e-289
-9.72348e+288,-1.02844e-289,-6.00944e+288,-1.66405e-289
-1.57329e+289,-6.3561e-290,-9.72348e+288,-1.02844e-289
-2.54564e+289,-3.92829e-290,-1.57329e+289,-6.3561e-290
-4.11893e+289,-2.42781e-290,-2.54564e+289,-3.92829e-290
-6.66457e+289,-1.50047e-290,-4.11893e+289,-2.42781e-290
-1.07835e+290,-9.27342e-291,-6.66457e+289,-1.50047e-290
-1.74481e+290,-5.73129e-291,-1.07835e+290,-9.27342e-291
-2.82316e+290,-3.54213e-291,-1.74481e+290,-5.73129e-291
-4.56796e+290,-2.18916e-291,-2.82316e+290,-3.54213e-291
-7.39112e+290,-1.35297e-291,-4.56796e+290,-2.18916e-291
-1.19591e+291,-8.36184e-292,-7.39112e+290,-1.35297e-291
-1.93502e+291,-5.1679e-292,-1.19591e+291,-8.36184e-292
-3.13093e+291,-3.19394e-292,-1.93502e+291,-5.1679e-292
-5.06595e+291,-1.97396e-292,-3.13093e+291,-3.19394e-292
-8.19688e+291,-1.21998e-292,-5.06595e+291,-1.97396e-292
-1.32628e+292,-7.53987e-293,-8.19688e+291,-1.21998e-292
-2.14597e+292,-4.65989e-293,-1.32628e+292,-7.53987e-293
-3.47225e+292,-2.87997e-293,-2.14597e+292,-4.65989e-293
-5.61823e+292,-1.77992e-293,-3.47225e+292,-2.87997e-293
-9.09048e+292,-1.10005e-293,-5.61823e+292,-1.77992e-293
-1.47087e+293,-6.79869e-294,-9.09048e+292,-1.10005e-293
-2.37992e+293,-4.20182e-294,-1.47087e+293,-6.79869e-294
-3.85079e+293,-2.59687e-294,-2.37992e+293,-4.20182e-294
-6.23071e+293,-1.60495e-294,-3.85079e+293,-2.59687e-294
-1.00815e+294,-9.91916e-295,-6.23071e+293,-1.60495e-294
-1.63122e+294,-6.13038e-295,-1.00815e+294,-9.91916e-295
-2.63937e+294,-3.78878e-295,-1.63122e+294,-6.13038e-295
-4.27059e+294,-2.3416e-295,-2.63937e+294,-3.78878e-295
-6.90996e+294,-1.44719e-295,-4.27059e+294,-2.3416e-295
-1.11806e+295,-8.9441e-296,-6.90996e+294,-1.44719e-295
-1.80905e+295,-5.52776e-296,-1.11806e+295,-8.9441e-296
-2.92711e+295,-3.41634e-296,-1.80905e+295,-5.52776e-296
-4.73616e+295,-2.11142e-296,-2.92711e+295,-3.41634e-296
-7.66326e+295,-1.30493e-296,-4.73616e+295,-2.11142e-296
-1.23994e+296,-8.06489e-297,-7.66326e+295,-1.30493e-296
-2.00627e+296,-4.98438e-297,-1.23994e+296,-8.06489e-297
-3.24621e+296,-3.08051e-297,-2.00627e+296,-4.98438e-297
-5.25248e+296,-1.90386e-297,-3.24621e+296,-3.08051e-297
-8.49869e+296,-1.17665e-297,-5.25248e+296,-1.90386e-297
-1.37512e+297,-7.27211e-298,-8.49869e+296,-1.17665e-297
-2.22499e+297,-4.49441e-298,-1.37512e+297,-7.27211e-298
-3.6001e+297,-2.7777e-298,-2.22499e+297,-4.49441e-298
-5.82509e+297,-1.71671e-298,-3.6001e+297,-2.7777e-298
-9.42519e+297,-1.06099e-298,-5.82509e+297,-1.71671e-298
-1.52503e+298,-6.55726e-299,-9.42519e+297,-1.06099e-298
-2.46755e+298,-4.05261e-299,-1.52503e+298,-6.55726e-299
-3.99258e+298,-2.50465e-299,-2.46755e+298,-4.05261e-299
-6.46012e+298,-1.54796e-299,-3.99258e+298,-2.50465e-299
-1.04527e+299,-9.56691e-300,-6.46012e+298,-1.54796e-299
-1.69128e+299,-5.91267e-300,-1.04527e+299,-9.56691e-300
-2.73655e+299,-3.65423e-300,-1.69128e+299,-5.91267e-300
-4.42783e+299,-2.25844e-300,-2.73655e+299,-3.65423e-300
-7.16439e+299,-1.39579e-300,-4.42783e+299,-2.25844e-300
-1.15922e+300,-8.62648e-301,-7.16439e+299,-1.39579e-300
-1.87566e+300,-5.33146e-301,-1.15922e+300,-8.62648e-301
-3.03488e+300,-3.29502e-301,-1.87566e+300,-5.33146e-301
-4.91054e+300,-2.03643e-301,-3.03488e+300,-3.29502e-301
-7.94543e+300,-1.25859e-301,-4.91054e+300,-2.03643e-301
-1.2856e+301,-7.77849e-302,-7.94543e+300,-1.25859e-301
-2.08014e+301,-4.80737e-302,-1.2856e+301,-7.77849e-302
-3.36574e+301,-2.97112e-302,-2.08014e+301,-4.80737e-302
-5.44588e+301,-1.83625e-302,-3.36574e+301,-2.97112e-302
-8.81161e+301,-1.13487e-302,-5.44588e+301,-1.83625e-302
-1.42575e+302,-7.01386e-303,-8.81161e+301,-1.13487e-302
-2.30691e+302,-4.3348e-303,-1.42575e+302,-7.01386e-303
-3.73266e+302,-2.67906e-303,-2.30691e+302,-4.3348e-303
-6.03957e+302,-1.65575e-303,-3.73266e+302,-2.67906e-303
-9.77223e+302,-1.02331e-303,-6.03957e+302,-1.65575e-303
-1.58118e+303,-6.32439e-304,-9.77223e+302,-1.02331e-303
-2.5584e+303,-3.90869e-304,-1.58118e+303,-6.32439e-304
-4.13958e+303,-2.4157e-304,-2.5584e+303,-3.90869e-304
-6.69798e+303,-1.49299e-304,-4.13958e+303,-2.4157e-304
-1.08376e+304,-9.22716e-305,-6.69798e+303,-1.49299e-304
-1.75355e+304,-5.7027e-305,-1.08376e+304,-9.22716e-305
-2.83731e+304,-3.52446e-305,-1.75355e+304,-5.7027e-305
-4.59087e+304,-2.17824e-305,-2.83731e+304,-3.52446e-305
-7.42818e+304,-1.34623e-305,-4.59087e+304,-2.17824e-305
-1.2019e+305,-8.32013e-306,-7.42818e+304,-1.34623e-305
-1.94472e+305,-5.14212e-306,-1.2019e+305,-8.32013e-306
-3.14663e+305,-3.17801e-306,-1.94472e+305,-5.14212e-306
-5.09135e+305,-1.96412e-306,-3.14663e+305,-3.17801e-306
-8.23798e+305,-1.21389e-306,-5.09135e+305,-1.96412e-306
-1.33293e+306,-7.50226e-307,-8.23798e+305,-1.21389e-306
-2.15673e+306,-4.63665e-307,-1.33293e+306,-7.50226e-307
-3.48966e+306,-2.86561e-307,-2.15673e+306,-4.63665e-307
-5.64639e+306,-1.77104e-307,-3.48966e+306,-2.86561e-307
-9.13605e+306,-1.09456e-307,-5.64639e+306,-1.77104e-307
-1.47824e+307,-6.76478e-308,-9.13605e+306,-1.09456e-307
-2.39185e+307,-4.18086e-308,-1.47824e+307,-6.76478e-308
-3.87009e+307,-2.58392e-308,-2.39185e+307,-4.18086e-308
-6.26195e+307,-1.59695e-308,-3.87009e+307,-2.58392e-308
-1.0132e+308,-9.86968e-309,-6.26195e+307,-1.59695e-308
-1.6394e+308,-6.0998e-309,-1.0132e+308,-9.86968e-309
